{
  "model/formatter-dbg.js": 1631716055372,
  "model/timezones3.json": 1631716055372,
  "model/timezones2.json": 1631716055372,
  "model/timezones.json": 1631716055372,
  "manifest.json": 1631722087208,
  "model/models.js": 1631716055372,
  "model/formatter.js": 1631716055372,
  "controller/NotFound.controller.js": 1631716055368,
  "controller/Master.controller.js": 1631716055368,
  "controller/ListSelector.js": 1631716055368,
  "controller/ErrorHandler.js": 1631716055368,
  "controller/DetailObjectNotFound.js": 1631716055368,
  "controller/DetailObjectNotFound.controller.js": 1631716055368,
  "controller/Detail.controller.js": 1631716055364,
  "controller/BaseController.js": 1631716055364,
  "controller/App.controller.js": 1631716055364,
  "Component.js": 1631716055364,
  "manifest-bundle.zip": 1631722087218,
  "Component-preload.js": 1631722087695,
  "controller/App-dbg.controller.js": 1631716055364,
  "i18n/i18n.properties": 1631716055368,
  "controller/NotFound-dbg.controller.js": 1631716055368,
  "controller/Master-dbg.controller.js": 1631716055368,
  "controller/ListSelector-dbg.js": 1631716055368,
  "controller/ErrorHandler-dbg.js": 1631716055368,
  "controller/DetailObjectNotFound-dbg.js": 1631716055368,
  "controller/DetailObjectNotFound-dbg.controller.js": 1631716055368,
  "controller/Detail-dbg.controller.js": 1631716055364,
  "controller/BaseController-dbg.js": 1631716055364,
  "model/models-dbg.js": 1631716055372,
  "Component-dbg.js": 1631716055364,
  "view/fragment/Planning.fragment.xml": 1631716055392,
  "view/fragment/OnDemand.fragment.xml": 1631716055392,
  "view/fragment/NewPlanning.fragment.xml": 1631716055392,
  "view/fragment/DisplayData.fragment.xml": 1631716055392,
  "view/fragment/ChangeData.fragment.xml": 1631716055392,
  "view/ViewSettingsDialog.fragment.xml": 1631716055392,
  "view/NotFound.view.xml": 1631716055388,
  "view/Master.view.xml": 1631716055388,
  "view/DetailObjectNotFound.view.xml": 1631716055388,
  "view/Detail.view.xml": 1631716055388,
  "view/App.view.xml": 1631716055388,
  "test.html": 1631716055388
}