{
  "controller/ListSelector-dbg.js": 1637877994732,
  "controller/BaseController.js": 1637877994732,
  "model/timezones2.json": 1637877994740,
  "model/timezones.json": 1637877994740,
  "manifest.json": 1638029634489,
  "model/models.js": 1637877994740,
  "model/formatter.js": 1637877994740,
  "controller/NotFound.controller.js": 1637877994736,
  "controller/Master.controller.js": 1637877994736,
  "controller/ListSelector.js": 1637877994732,
  "controller/ErrorHandler.js": 1637877994732,
  "controller/DetailObjectNotFound.js": 1637877994732,
  "controller/DetailObjectNotFound.controller.js": 1637877994732,
  "controller/Detail.controller.js": 1637877994732,
  "model/timezones3.json": 1637877994740,
  "controller/App.controller.js": 1637877994732,
  "Component.js": 1637877994732,
  "manifest-bundle.zip": 1638029634514,
  "Component-preload.js": 1638029635265,
  "controller/Master-dbg.controller.js": 1637877994736,
  "model/formatter-dbg.js": 1637877994740,
  "controller/NotFound-dbg.controller.js": 1637877994736,
  "model/models-dbg.js": 1637877994740,
  "i18n/i18n.properties": 1637877994736,
  "controller/ErrorHandler-dbg.js": 1637877994732,
  "controller/DetailObjectNotFound-dbg.js": 1637877994732,
  "controller/DetailObjectNotFound-dbg.controller.js": 1637877994732,
  "controller/Detail-dbg.controller.js": 1637877994732,
  "controller/BaseController-dbg.js": 1637877994732,
  "controller/App-dbg.controller.js": 1637877994732,
  "Component-dbg.js": 1637877994732,
  "view/fragment/Planning.fragment.xml": 1637877994760,
  "view/fragment/OnDemand.fragment.xml": 1637877994760,
  "view/fragment/NewPlanning.fragment.xml": 1637877994760,
  "view/fragment/DisplayData.fragment.xml": 1637877994760,
  "view/fragment/ChangeData.fragment.xml": 1637877994760,
  "view/ViewSettingsDialog.fragment.xml": 1637877994760,
  "view/NotFound.view.xml": 1637877994760,
  "view/Master.view.xml": 1637877994760,
  "view/DetailObjectNotFound.view.xml": 1637877994756,
  "view/Detail.view.xml": 1637877994756,
  "view/App.view.xml": 1637877994756,
  "test.html": 1637877994756
}