{
  "controller/Worklist-dbg.controller.js": 1637878183948,
  "model/items.json": 1637878183956,
  "manifest.json": 1638029643633,
  "model/models.js": 1637878183956,
  "model/formatter.js": 1637878183952,
  "controller/Worklist.controller.js": 1637878183948,
  "controller/Object.controller.js": 1637878183948,
  "controller/NotFound.controller.js": 1637878183948,
  "controller/ErrorHandler.js": 1637878183948,
  "controller/BaseController.js": 1637878183948,
  "controller/App.controller.js": 1637878183948,
  "Component.js": 1637878183948,
  "manifest-bundle.zip": 1638029643650,
  "Component-preload.js": 1638029644123,
  "controller/Object-dbg.controller.js": 1637878183948,
  "model/formatter-dbg.js": 1637878183952,
  "i18n/i18n.properties": 1637878183952,
  "model/models-dbg.js": 1637878183956,
  "controller/NotFound-dbg.controller.js": 1637878183948,
  "controller/ErrorHandler-dbg.js": 1637878183948,
  "controller/BaseController-dbg.js": 1637878183948,
  "controller/App-dbg.controller.js": 1637878183948,
  "Component-dbg.js": 1637878183948
}