{
  "Component.js": 1623859050848,
  "controller/Object.controller.js": 1623859050852,
  "manifest.json": 1628771671722,
  "model/models.js": 1623859050856,
  "model/formatter.js": 1623859050856,
  "controller/Worklist.controller.js": 1623859050852,
  "model/items.json": 1623859050856,
  "controller/NotFound.controller.js": 1623859050852,
  "controller/ErrorHandler.js": 1623859050852,
  "controller/BaseController.js": 1623859050852,
  "controller/App.controller.js": 1623859050852,
  "i18n/i18n.properties": 1623859050852,
  "manifest-bundle.zip": 1628771671735,
  "Component-preload.js": 1628771672314,
  "controller/BaseController-dbg.js": 1623859050852,
  "model/formatter-dbg.js": 1623859050856,
  "controller/Worklist-dbg.controller.js": 1623859050852,
  "controller/Object-dbg.controller.js": 1623859050852,
  "controller/NotFound-dbg.controller.js": 1623859050852,
  "controller/ErrorHandler-dbg.js": 1623859050852,
  "model/models-dbg.js": 1623859050856,
  "controller/App-dbg.controller.js": 1623859050852,
  "Component-dbg.js": 1623859050848,
  "view/Worklist.view.xml": 1623859050880,
  "view/ViewSettingsDialogDetail.fragment.xml": 1623859050880,
  "view/ViewSettingsDialog.fragment.xml": 1623859050880,
  "view/ObjectNotFound.view.xml": 1623859050880,
  "view/Object.view.xml": 1623859050880,
  "view/NotFound.view.xml": 1623859050880,
  "view/DataDialog.fragment.xml": 1623859050876,
  "view/App.view.xml": 1623859050876,
  "test.html": 1623859050876
}