{
  "controller/BaseController-dbg.js": 1631006645340,
  "controller/ErrorHandler.js": 1631006645340,
  "manifest.json": 1631114462208,
  "model/models.js": 1623859050856,
  "model/formatter.js": 1623859050856,
  "controller/Worklist.controller.js": 1631006645348,
  "controller/Object.controller.js": 1631006645344,
  "controller/NotFound.controller.js": 1631006645344,
  "model/items.json": 1623859050856,
  "controller/BaseController.js": 1631006645340,
  "controller/App.controller.js": 1631006645340,
  "Component.js": 1623859050848,
  "manifest-bundle.zip": 1631114462217,
  "Component-preload.js": 1631114462571,
  "controller/Worklist-dbg.controller.js": 1631006645348,
  "model/formatter-dbg.js": 1623859050856,
  "model/models-dbg.js": 1623859050856,
  "controller/Object-dbg.controller.js": 1631006645344,
  "controller/NotFound-dbg.controller.js": 1631006645344,
  "controller/ErrorHandler-dbg.js": 1631006645340,
  "i18n/i18n.properties": 1631006645336,
  "controller/App-dbg.controller.js": 1631006645340,
  "Component-dbg.js": 1623859050848,
  "view/Worklist.view.xml": 1631006645352,
  "view/ViewSettingsDialogDetail.fragment.xml": 1631006645348,
  "view/ViewSettingsDialog.fragment.xml": 1631006645344,
  "view/ObjectNotFound.view.xml": 1631006645344,
  "view/Object.view.xml": 1631006645344,
  "view/NotFound.view.xml": 1631006645340,
  "view/DataDialog.fragment.xml": 1631006645340,
  "view/App.view.xml": 1631006645336,
  "test.html": 1623859050876
}