{
  "controller/NotFound.controller.js": 1631716111153,
  "controller/Worklist.controller.js": 1631716111153,
  "manifest.json": 1632315186834,
  "model/models.js": 1631716111157,
  "model/formatter.js": 1631716111153,
  "model/items.json": 1631716111157,
  "controller/Object.controller.js": 1631716111153,
  "i18n/i18n.properties": 1631716111153,
  "controller/ErrorHandler.js": 1631716111149,
  "controller/BaseController.js": 1631716111149,
  "controller/App.controller.js": 1631716111149,
  "Component.js": 1631716111149,
  "manifest-bundle.zip": 1632315186845,
  "Component-preload.js": 1632315187247,
  "controller/Worklist-dbg.controller.js": 1631716111153,
  "model/formatter-dbg.js": 1631716111153,
  "model/models-dbg.js": 1631716111157,
  "controller/Object-dbg.controller.js": 1631716111153,
  "controller/NotFound-dbg.controller.js": 1631716111153,
  "controller/ErrorHandler-dbg.js": 1631716111149,
  "controller/BaseController-dbg.js": 1631716111149,
  "controller/App-dbg.controller.js": 1631716111149,
  "Component-dbg.js": 1631716111149,
  "view/Worklist.view.xml": 1631716111173,
  "view/ViewSettingsDialogDetail.fragment.xml": 1631716111173,
  "view/ViewSettingsDialog.fragment.xml": 1631716111173,
  "view/ObjectNotFound.view.xml": 1631716111169,
  "view/Object.view.xml": 1631716111169,
  "view/NotFound.view.xml": 1631716111169,
  "view/DataDialog.fragment.xml": 1631716111169,
  "view/App.view.xml": 1631716111169,
  "test.html": 1631716111169
}