{
	"global_configuration": {
		"global_parameters": {
			"ws_get_workers": {
				"request_filter": {
					"exclude_contingent_workers": "False",
					"exclude_employees": "False",
					"exclude_inactive_workers": "True"
				}
			}
		},
		"mappings": {
			"language": {
				"default_values": {
					"BPC7_default_code": "en-us"
				}
			},
			"email": {
				"filters": {
					"filter": [{
						"-secuence": "1",
						"usage_public": "1",
						"type_data_primary": "1",
						"type_reference": "WORK"
					}, {
						"-secuence": "2",
						"usage_public": "0",
						"type_data_primary": "1",
						"type_reference": "WORK"
					}, {
						"-secuence": "3",
						"usage_public": "1",
						"type_data_primary": "1",
						"type_reference": "HOME"
					}, {
						"-secuence": "4",
						"usage_public": "0",
						"type_data_primary": "1",
						"type_reference": "HOME"
					}]
				}
			},
			"roles": {
				"pd_role": [{
					"-wd_role": "Administrative_Assistant",
					"#text": "testrole"
				}, {
					"-wd_role": "Manager",
					"#text": "testrole"
				}, {
					"-wd_role": "Payroll_Interface_Partner",
					"#text": "testrole"
				}, {
					"-wd_role": "Payroll_Partner",
					"#text": "testrole"
				}, {
					"-wd_role": "Payroll_Settlement_Specialist",
					"#text": "testrole"
				}, {
					"-wd_role": "ORGANIZATION_PLANNER_SUPERVISORY",
					"#text": "testrole"
				}]
			}
		},
		"transformations": {
			"organization_code": {
				"transformation": [{
					"characters": " ;/",
					"separator": ";",
					"replace_by": "_"
				}]
			}
		}
	}
}