{
  "controller/ListSelector.js": 1631716085716,
  "controller/BaseController.js": 1631716085716,
  "model/timezones2.json": 1631716085724,
  "model/timezones.json": 1631716085720,
  "manifest.json": 1631722044572,
  "model/models.js": 1631716085720,
  "model/formatter.js": 1631716085720,
  "controller/NotFound.controller.js": 1631716085720,
  "controller/Master.controller.js": 1631716085720,
  "i18n/i18n.properties": 1631716085720,
  "controller/ErrorHandler.js": 1631716085716,
  "controller/DetailObjectNotFound.js": 1631716085716,
  "controller/DetailObjectNotFound.controller.js": 1631716085716,
  "controller/Detail.controller.js": 1631716085716,
  "model/timezones3.json": 1631716085724,
  "controller/App.controller.js": 1631716085716,
  "Component.js": 1631716085716,
  "manifest-bundle.zip": 1631722044582,
  "Component-preload.js": 1631722045036,
  "controller/BaseController-dbg.js": 1631716085716,
  "model/formatter-dbg.js": 1631716085720,
  "controller/NotFound-dbg.controller.js": 1631716085720,
  "controller/Master-dbg.controller.js": 1631716085720,
  "controller/ListSelector-dbg.js": 1631716085716,
  "controller/ErrorHandler-dbg.js": 1631716085716,
  "controller/DetailObjectNotFound-dbg.js": 1631716085716,
  "controller/DetailObjectNotFound-dbg.controller.js": 1631716085716,
  "controller/Detail-dbg.controller.js": 1631716085716,
  "model/models-dbg.js": 1631716085720,
  "controller/App-dbg.controller.js": 1631716085716,
  "Component-dbg.js": 1631716085716,
  "view/fragment/Planning.fragment.xml": 1631716085740,
  "view/fragment/OnDemand.fragment.xml": 1631716085736,
  "view/fragment/NewPlanning.fragment.xml": 1631716085736,
  "view/fragment/DisplayData.fragment.xml": 1631716085736,
  "view/fragment/ChangeData.fragment.xml": 1631716085736,
  "view/ViewSettingsDialog.fragment.xml": 1631716085736,
  "view/NotFound.view.xml": 1631716085736,
  "view/Master.view.xml": 1631716085736,
  "view/DetailObjectNotFound.view.xml": 1631716085736,
  "view/Detail.view.xml": 1631716085736,
  "view/App.view.xml": 1631716085736,
  "test.html": 1631716085736
}