{
  "view/App.view.xml": 1631006564647,
  "model/timezones.json": 1623855875173,
  "model/timezones2.json": 1623855875173,
  "model/timezones3.json": 1623855875173,
  "manifest.json": 1631285283039,
  "model/models.js": 1623855875169,
  "model/formatter.js": 1623855875169,
  "controller/NotFound.controller.js": 1631006564659,
  "controller/Master.controller.js": 1631006564655,
  "controller/ListSelector.js": 1631006564655,
  "controller/ErrorHandler.js": 1631006564655,
  "controller/DetailObjectNotFound.js": 1631006564655,
  "controller/DetailObjectNotFound.controller.js": 1631006564651,
  "controller/Detail.controller.js": 1631006564651,
  "controller/BaseController.js": 1631006564651,
  "controller/App.controller.js": 1631006564651,
  "Component.js": 1623855875141,
  "manifest-bundle.zip": 1631285283058,
  "Component-preload.js": 1631285284017,
  "controller/NotFound-dbg.controller.js": 1631006564659,
  "model/formatter-dbg.js": 1623855875169,
  "model/models-dbg.js": 1623855875169,
  "controller/Master-dbg.controller.js": 1631006564655,
  "controller/ListSelector-dbg.js": 1631006564655,
  "controller/ErrorHandler-dbg.js": 1631006564655,
  "controller/DetailObjectNotFound-dbg.js": 1631006564655,
  "controller/DetailObjectNotFound-dbg.controller.js": 1631006564651,
  "controller/Detail-dbg.controller.js": 1631006564651,
  "controller/BaseController-dbg.js": 1631006564651,
  "controller/App-dbg.controller.js": 1631006564651,
  "Component-dbg.js": 1623855875141,
  "view/fragment/Planning.fragment.xml": 1631006564659,
  "view/fragment/OnDemand.fragment.xml": 1631006564655,
  "view/fragment/NewPlanning.fragment.xml": 1631006564655,
  "view/fragment/DisplayData.fragment.xml": 1631006564655,
  "view/fragment/ChangeData.fragment.xml": 1631006564655,
  "view/ViewSettingsDialog.fragment.xml": 1631006564651,
  "view/NotFound.view.xml": 1631006564651,
  "view/Master.view.xml": 1631006564651,
  "view/DetailObjectNotFound.view.xml": 1631006564651,
  "view/Detail.view.xml": 1631006564651,
  "i18n/i18n.properties": 1631006564651,
  "test.html": 1623855875249
}