{
  "controller/DetailObjectNotFound.js": 1637878098484,
  "manifest.json": 1638029579628,
  "model/timezones2.json": 1637878098492,
  "model/timezones.json": 1637878098492,
  "model/timezones3.json": 1637878098496,
  "model/models.js": 1637878098492,
  "model/formatter.js": 1637878098492,
  "controller/NotFound.controller.js": 1637878098484,
  "controller/Master.controller.js": 1637878098484,
  "controller/ListSelector.js": 1637878098484,
  "controller/ErrorHandler.js": 1637878098484,
  "i18n/i18n.properties": 1637878098488,
  "controller/DetailObjectNotFound.controller.js": 1637878098480,
  "controller/Detail.controller.js": 1637878098480,
  "controller/BaseController.js": 1637878098480,
  "controller/App.controller.js": 1637878098476,
  "Component.js": 1637878098468,
  "manifest-bundle.zip": 1638029579643,
  "Component-preload.js": 1638029580309,
  "model/models-dbg.js": 1637878098492,
  "model/formatter-dbg.js": 1637878098492,
  "controller/NotFound-dbg.controller.js": 1637878098484,
  "controller/Master-dbg.controller.js": 1637878098484,
  "controller/ListSelector-dbg.js": 1637878098484,
  "controller/ErrorHandler-dbg.js": 1637878098484,
  "controller/DetailObjectNotFound-dbg.js": 1637878098484,
  "controller/DetailObjectNotFound-dbg.controller.js": 1637878098480,
  "controller/Detail-dbg.controller.js": 1637878098480,
  "controller/BaseController-dbg.js": 1637878098480,
  "controller/App-dbg.controller.js": 1637878098476,
  "Component-dbg.js": 1637878098468,
  "view/fragment/Planning.fragment.xml": 1637878098560,
  "view/fragment/OnDemand.fragment.xml": 1637878098552,
  "view/fragment/NewPlanning.fragment.xml": 1637878098548,
  "view/fragment/DisplayData.fragment.xml": 1637878098548,
  "view/fragment/ChangeData.fragment.xml": 1637878098548,
  "view/ViewSettingsDialog.fragment.xml": 1637878098544,
  "view/NotFound.view.xml": 1637878098544,
  "view/Master.view.xml": 1637878098536,
  "view/DetailObjectNotFound.view.xml": 1637878098536,
  "view/Detail.view.xml": 1637878098536,
  "view/App.view.xml": 1637878098536,
  "test.html": 1637878098536
}