{
  "view/NotFound.view.xml": 1623859169093,
  "controller/NotFound.controller.js": 1623859169077,
  "model/items.json": 1623859169077,
  "manifest.json": 1623864261793,
  "model/models.js": 1623859169077,
  "model/formatter.js": 1623859169077,
  "model/parametros.json": 1623859169081,
  "controller/Master.controller.js": 1623859169077,
  "controller/ListSelector.js": 1623859169077,
  "controller/ErrorHandler.js": 1623859169077,
  "controller/DetailObjectNotFound.js": 1623859169077,
  "controller/DetailObjectNotFound.controller.js": 1623859169077,
  "controller/Detail.controller.js": 1623859169073,
  "controller/BaseController.js": 1623859169073,
  "controller/App.controller.js": 1623859169073,
  "Component.js": 1623859169073,
  "manifest-bundle.zip": 1623864261806,
  "Component-preload.js": 1623864262275,
  "model/models-dbg.js": 1623859169077,
  "model/formatter-dbg.js": 1623859169077,
  "controller/NotFound-dbg.controller.js": 1623859169077,
  "controller/Master-dbg.controller.js": 1623859169077,
  "controller/ListSelector-dbg.js": 1623859169077,
  "controller/ErrorHandler-dbg.js": 1623859169077,
  "controller/DetailObjectNotFound-dbg.js": 1623859169077,
  "controller/DetailObjectNotFound-dbg.controller.js": 1623859169077,
  "controller/Detail-dbg.controller.js": 1623859169073,
  "controller/BaseController-dbg.js": 1623859169073,
  "controller/App-dbg.controller.js": 1623859169073,
  "Component-dbg.js": 1623859169073,
  "view/ViewSettingsDialogDetail.fragment.xml": 1623859169093,
  "view/ViewSettingsDialog.fragment.xml": 1623859169093,
  "i18n/i18n.properties": 1623859169077,
  "view/Master.view.xml": 1623859169093,
  "view/DetailObjectNotFound.view.xml": 1623859169093,
  "view/Detail.view.xml": 1623859169089,
  "view/DataDialog.fragment.xml": 1623859169089,
  "view/App.view.xml": 1623859169089,
  "test.html": 1623859169089
}