{
  "model/models.js": 1637877770799,
  "controller/Detail.controller.js": 1637877770795,
  "model/items.json": 1637877770799,
  "manifest.json": 1638029661940,
  "i18n/i18n.properties": 1637877770799,
  "model/formatter.js": 1637877770799,
  "controller/NotFound.controller.js": 1637877770795,
  "controller/Master.controller.js": 1637877770795,
  "controller/ListSelector.js": 1637877770795,
  "controller/ErrorHandler.js": 1637877770795,
  "controller/DetailObjectNotFound.js": 1637877770795,
  "controller/DetailObjectNotFound.controller.js": 1637877770795,
  "model/parametros.json": 1637877770803,
  "controller/BaseController.js": 1637877770795,
  "controller/App.controller.js": 1637877770795,
  "Component.js": 1637877770791,
  "manifest-bundle.zip": 1638029661959,
  "Component-preload.js": 1638029662558,
  "controller/ErrorHandler-dbg.js": 1637877770795,
  "model/formatter-dbg.js": 1637877770799,
  "controller/NotFound-dbg.controller.js": 1637877770795,
  "controller/Master-dbg.controller.js": 1637877770795,
  "controller/ListSelector-dbg.js": 1637877770795,
  "model/models-dbg.js": 1637877770799,
  "controller/DetailObjectNotFound-dbg.js": 1637877770795,
  "controller/DetailObjectNotFound-dbg.controller.js": 1637877770795,
  "controller/Detail-dbg.controller.js": 1637877770795,
  "controller/BaseController-dbg.js": 1637877770795,
  "controller/App-dbg.controller.js": 1637877770795,
  "Component-dbg.js": 1637877770791,
  "view/ViewSettingsDialogDetail.fragment.xml": 1637877770819,
  "view/ViewSettingsDialog.fragment.xml": 1637877770819,
  "view/NotFound.view.xml": 1637877770819,
  "view/Master.view.xml": 1637877770819,
  "view/DetailObjectNotFound.view.xml": 1637877770819,
  "view/Detail.view.xml": 1637877770819,
  "view/DataDialog.fragment.xml": 1637877770819,
  "view/App.view.xml": 1637877770819,
  "css/style.css": 1637877770799,
  "test.html": 1637877770819
}