{
  "controller/ListSelector.js": 1631716008387,
  "i18n/i18n.properties": 1631716008391,
  "model/items.json": 1631716008391,
  "manifest.json": 1631722106847,
  "model/models.js": 1631716008391,
  "model/formatter.js": 1631716008391,
  "controller/NotFound.controller.js": 1631716008391,
  "controller/Master.controller.js": 1631716008391,
  "model/parametros.json": 1631716008391,
  "controller/ErrorHandler.js": 1631716008387,
  "controller/DetailObjectNotFound.js": 1631716008387,
  "controller/DetailObjectNotFound.controller.js": 1631716008387,
  "controller/Detail.controller.js": 1631716008387,
  "controller/BaseController.js": 1631716008387,
  "controller/App.controller.js": 1631716008387,
  "Component.js": 1631716008387,
  "manifest-bundle.zip": 1631722106856,
  "Component-preload.js": 1631722107300,
  "model/formatter-dbg.js": 1631716008391,
  "model/models-dbg.js": 1631716008391,
  "controller/NotFound-dbg.controller.js": 1631716008391,
  "controller/Master-dbg.controller.js": 1631716008391,
  "controller/ListSelector-dbg.js": 1631716008387,
  "controller/ErrorHandler-dbg.js": 1631716008387,
  "controller/DetailObjectNotFound-dbg.js": 1631716008387,
  "controller/DetailObjectNotFound-dbg.controller.js": 1631716008387,
  "controller/Detail-dbg.controller.js": 1631716008387,
  "controller/BaseController-dbg.js": 1631716008387,
  "controller/App-dbg.controller.js": 1631716008387,
  "Component-dbg.js": 1631716008387,
  "view/ViewSettingsDialogDetail.fragment.xml": 1631716008411,
  "view/ViewSettingsDialog.fragment.xml": 1631716008411,
  "view/NotFound.view.xml": 1631716008407,
  "view/Master.view.xml": 1631716008407,
  "view/DetailObjectNotFound.view.xml": 1631716008407,
  "view/Detail.view.xml": 1631716008407,
  "view/DataDialog.fragment.xml": 1631716008407,
  "view/App.view.xml": 1631716008407,
  "test.html": 1631716008407
}