{
  "view/ObjectNotFound.view.xml": 1623857434033,
  "controller/BaseController.js": 1623857434013,
  "manifest.json": 1624371002453,
  "model/models.js": 1623857434017,
  "model/formatter.js": 1623857434017,
  "controller/Worklist.controller.js": 1623857434013,
  "controller/Object.controller.js": 1623857434013,
  "controller/NotFound.controller.js": 1623857434013,
  "controller/ErrorHandler.js": 1623857434013,
  "model/items.json": 1623857434017,
  "controller/App.controller.js": 1623857434013,
  "Component.js": 1623857434013,
  "manifest-bundle.zip": 1624371002492,
  "Component-preload.js": 1624371003068,
  "controller/Worklist-dbg.controller.js": 1623857434013,
  "model/formatter-dbg.js": 1623857434017,
  "model/models-dbg.js": 1623857434017,
  "controller/Object-dbg.controller.js": 1623857434013,
  "controller/NotFound-dbg.controller.js": 1623857434013,
  "controller/ErrorHandler-dbg.js": 1623857434013,
  "controller/BaseController-dbg.js": 1623857434013,
  "controller/App-dbg.controller.js": 1623857434013,
  "Component-dbg.js": 1623857434013,
  "view/Worklist.view.xml": 1623857434037,
  "view/ViewSettingsDialogDetail.fragment.xml": 1623857434033,
  "view/ViewSettingsDialog.fragment.xml": 1623857434033,
  "i18n/i18n.properties": 1623857434013,
  "view/Object.view.xml": 1623857434033,
  "view/NotFound.view.xml": 1623857434033,
  "view/App.view.xml": 1623857434033,
  "test.html": 1623857434033
}