{
  "controller/BaseController.js": 1631006474934,
  "controller/Worklist.controller.js": 1631006474934,
  "manifest.json": 1631285321535,
  "model/models.js": 1623857434017,
  "model/formatter.js": 1623857434017,
  "model/items.json": 1623857434017,
  "controller/Object.controller.js": 1631006474934,
  "controller/NotFound.controller.js": 1631006474934,
  "controller/ErrorHandler.js": 1631006474934,
  "i18n/i18n.properties": 1631006474934,
  "controller/App.controller.js": 1631006474934,
  "Component.js": 1623857434013,
  "manifest-bundle.zip": 1631285321551,
  "Component-preload.js": 1631285322232,
  "controller/Object-dbg.controller.js": 1631006474934,
  "model/formatter-dbg.js": 1623857434017,
  "controller/Worklist-dbg.controller.js": 1631006474934,
  "model/models-dbg.js": 1623857434017,
  "controller/NotFound-dbg.controller.js": 1631006474934,
  "controller/ErrorHandler-dbg.js": 1631006474934,
  "controller/BaseController-dbg.js": 1631006474934,
  "controller/App-dbg.controller.js": 1631006474934,
  "Component-dbg.js": 1623857434013,
  "view/Worklist.view.xml": 1631006474934,
  "view/ViewSettingsDialogDetail.fragment.xml": 1631006474930,
  "view/ViewSettingsDialog.fragment.xml": 1631006474930,
  "view/ObjectNotFound.view.xml": 1631006474930,
  "view/Object.view.xml": 1631006474930,
  "view/NotFound.view.xml": 1631006474930,
  "view/App.view.xml": 1631006474930,
  "test.html": 1623857434033
}