{
  "controller/App-dbg.controller.js": 1637877948080,
  "controller/NotFound.controller.js": 1637877948084,
  "manifest.json": 1638029608652,
  "model/models.js": 1637877948088,
  "model/formatter.js": 1637877948088,
  "controller/Worklist.controller.js": 1637877948084,
  "controller/Object.controller.js": 1637877948084,
  "model/items.json": 1637877948088,
  "controller/ErrorHandler.js": 1637877948084,
  "controller/BaseController.js": 1637877948080,
  "controller/App.controller.js": 1637877948080,
  "Component.js": 1637877948080,
  "manifest-bundle.zip": 1638029608667,
  "Component-preload.js": 1638029609158,
  "controller/BaseController-dbg.js": 1637877948080,
  "model/formatter-dbg.js": 1637877948088,
  "controller/Worklist-dbg.controller.js": 1637877948084,
  "controller/Object-dbg.controller.js": 1637877948084,
  "controller/NotFound-dbg.controller.js": 1637877948084,
  "controller/ErrorHandler-dbg.js": 1637877948084,
  "model/models-dbg.js": 1637877948088,
  "i18n/i18n.properties": 1637877948084,
  "Component-dbg.js": 1637877948080,
  "view/Worklist.view.xml": 1637877948112,
  "view/ViewSettingsDialogDetail.fragment.xml": 1637877948112,
  "view/ViewSettingsDialog.fragment.xml": 1637877948112,
  "view/ObjectNotFound.view.xml": 1637877948112,
  "view/Object.view.xml": 1637877948112,
  "view/NotFound.view.xml": 1637877948112,
  "view/App.view.xml": 1637877948112,
  "test.html": 1637877948108
}