{
	"timezones": [{
		"Name": "UTC 00:00"
	},{
		"Name": "UTC −01:00"
	}, {
		"Name": "UTC −02:00"
	}, {
		"Name": "UTC −03:00"
	}, {
		"Name": "UTC −04:00"
	}, {
		"Name": "UTC −05:00"
	}, {
		"Name": "UTC −06:00"
	}, {
		"Name": "UTC −07:00"
	}, {
		"Name": "UTC −08:00"
	}, {
		"Name": "UTC −09:00"
	}, {
		"Name": "UTC −10:00"
	}, {
		"Name": "UTC −11:00"
	}, {
		"Name": "UTC −12:00"
	}, {
		"Name": "UTC +01:00"
	}, {
		"Name": "UTC +02:00"
	}, {
		"Name": "UTC +03:00"
	}, {
		"Name": "UTC +04:00"
	}, {
		"Name": "UTC +05:00)"
	}, {
		"Name": "UTC +06:00"
	}, {
		"Name": "UTC +07:00"
	}, {
		"Name": "UTC +08:00"
	}, {
		"Name": "UTC +09:00"
	}, {
		"Name": "UTC +10:00"
	}, {
		"Name": "UTC +11:00"
	}, {
		"Name": "UTC +12:00"
	}]
}