{
  "manifest-bundle.zip": 1624371052889,
  "controller/Master.controller.js": 1623857466745,
  "model/timezones2.json": 1623857466749,
  "model/timezones.json": 1623857466745,
  "manifest.json": 1624371052874,
  "model/models.js": 1623857466745,
  "model/formatter.js": 1623857466745,
  "controller/NotFound.controller.js": 1623857466745,
  "model/timezones3.json": 1623857466749,
  "controller/ListSelector.js": 1623857466745,
  "controller/ErrorHandler.js": 1623857466741,
  "controller/DetailObjectNotFound.js": 1623857466741,
  "controller/DetailObjectNotFound.controller.js": 1623857466741,
  "controller/Detail.controller.js": 1623857466741,
  "controller/BaseController.js": 1623857466741,
  "controller/App.controller.js": 1623857466741,
  "Component.js": 1623857466741,
  "i18n/i18n.properties": 1623857466745,
  "Component-preload.js": 1624371053615,
  "controller/DetailObjectNotFound-dbg.controller.js": 1623857466741,
  "model/formatter-dbg.js": 1623857466745,
  "controller/NotFound-dbg.controller.js": 1623857466745,
  "controller/Master-dbg.controller.js": 1623857466745,
  "controller/ListSelector-dbg.js": 1623857466745,
  "controller/ErrorHandler-dbg.js": 1623857466741,
  "controller/DetailObjectNotFound-dbg.js": 1623857466741,
  "model/models-dbg.js": 1623857466745,
  "controller/Detail-dbg.controller.js": 1623857466741,
  "controller/BaseController-dbg.js": 1623857466741,
  "controller/App-dbg.controller.js": 1623857466741,
  "Component-dbg.js": 1623857466741,
  "view/fragment/Planning.fragment.xml": 1623857466765,
  "view/fragment/OnDemand.fragment.xml": 1623857466765,
  "view/fragment/NewPlanning.fragment.xml": 1623857466761,
  "view/fragment/DisplayData.fragment.xml": 1623857466761,
  "view/fragment/ChangeData.fragment.xml": 1623857466761,
  "view/ViewSettingsDialog.fragment.xml": 1623857466761,
  "view/NotFound.view.xml": 1623857466761,
  "view/Master.view.xml": 1623857466761,
  "view/DetailObjectNotFound.view.xml": 1623857466761,
  "view/Detail.view.xml": 1623857466761,
  "view/App.view.xml": 1623857466761,
  "test.html": 1623857466757
}