{
  "controller/DetailEmplDetail.controller.js": 1623856565362,
  "controller/Master.controller.js": 1623856565378,
  "model/itemsTemp.json": 1623856565394,
  "model/itemsEmpl.json": 1623856565394,
  "model/items.json": 1623856565394,
  "manifest.json": 1623930401823,
  "model/models.js": 1623856565394,
  "model/formatter.js": 1623856565394,
  "controller/NotFound.controller.js": 1623856565382,
  "model/parametros.json": 1623856565398,
  "controller/ListSelector.js": 1623856565374,
  "controller/ErrorHandler.js": 1623856565374,
  "controller/DetailTempDetail.controller.js": 1623856565374,
  "controller/DetailTemp.controller.js": 1623856565370,
  "controller/DetailObjectNotFound.js": 1623856565366,
  "controller/DetailObjectNotFound.controller.js": 1623856565366,
  "i18n/i18n.properties": 1623856565382,
  "controller/DetailEmpl.controller.js": 1623856565362,
  "controller/Detail.controller.js": 1623856565358,
  "controller/BaseController.js": 1623856565354,
  "controller/App.controller.js": 1623856565354,
  "Component.js": 1623856565350,
  "manifest-bundle.zip": 1623930401842,
  "Component-preload.js": 1623930402897,
  "controller/NotFound-dbg.controller.js": 1623856565382,
  "model/formatter-dbg.js": 1623856565394,
  "model/models-dbg.js": 1623856565394,
  "controller/Master-dbg.controller.js": 1623856565378,
  "controller/ListSelector-dbg.js": 1623856565374,
  "controller/ErrorHandler-dbg.js": 1623856565374,
  "controller/DetailTempDetail-dbg.controller.js": 1623856565374,
  "controller/DetailTemp-dbg.controller.js": 1623856565370,
  "controller/DetailObjectNotFound-dbg.js": 1623856565366,
  "controller/DetailObjectNotFound-dbg.controller.js": 1623856565366,
  "controller/DetailEmplDetail-dbg.controller.js": 1623856565362,
  "controller/DetailEmpl-dbg.controller.js": 1623856565362,
  "controller/Detail-dbg.controller.js": 1623856565358,
  "controller/BaseController-dbg.js": 1623856565354,
  "controller/App-dbg.controller.js": 1623856565354,
  "Component-dbg.js": 1623856565350
}