{
	"timezones": [{
		"Key": "Africa/Abidjan",
		"Name": "Africa/Abidjan (UTC +00:00)"
	}, {
		"Key": "Africa/Accra",
		"Name": "Africa/Accra (UTC +00:00)"
	}, {
		"Key": "Africa/Algiers",
		"Name": "Africa/Algiers (UTC +01:00)"
	}, {
		"Key": "Africa/Bissau",
		"Name": "Africa/Bissau (UTC +00:00)"
	}, {
		"Key": "Africa/Cairo",
		"Name": "Africa/Cairo (UTC +02:00)"
	}, {
		"Key": "Africa/Casablanca",
		"Name": "Africa/Casablanca (UTC +01:00)"
	}, {
		"Key": "Africa/El_Aaiun",
		"Name": "Africa/El_Aaiun (UTC +01:00)"
	}, {
		"Key": "Africa/Johannesburg",
		"Name": "Africa/Johannesburg (UTC +02:00)"
	}, {
		"Key": "Africa/Juba",
		"Name": "Africa/Juba (UTC +03:00)"
	}, {
		"Key": "Africa/Khartoum",
		"Name": "Africa/Khartoum (UTC +02:00)"
	}, {
		"Key": "Africa/Monrovia",
		"Name": "Africa/Monrovia (UTC +00:00)"
	}, {
		"Key": "Africa/Nairobi",
		"Name": "Africa/Nairobi (UTC +03:00)"
	}, {
		"Key": "Africa/Ndjamena",
		"Name": "Africa/Ndjamena (UTC +01:00)"
	}, {
		"Key": "Africa/Sao_Tome",
		"Name": "Africa/Sao_Tome (UTC +00:00)"
	}, {
		"Key": "Africa/Tripoli",
		"Name": "Africa/Tripoli (UTC +02:00)"
	}, {
		"Key": "Africa/Tunis",
		"Name": "Africa/Tunis (UTC +01:00)"
	}, {
		"Key": "Africa/Windhoek",
		"Name": "Africa/Windhoek (UTC +02:00)"
	}, {
		"Key": "America/Asuncion",
		"Name": "America/Asuncion (UTC −04:00)"
	}, {
		"Key": "America/Barbados",
		"Name": "America/Barbados (UTC −04:00)"
	}, {
		"Key": "America/Belize",
		"Name": "America/Belize (UTC −06:00)"
	}, {
		"Key": "America/Bogota",
		"Name": "America/Bogota (UTC −05:00)"
	}, {
		"Key": "America/Caracas",
		"Name": "America/Caracas (UTC −04:00)"
	}, {
		"Key": "America/Cayenne",
		"Name": "America/Cayenne (UTC −03:00)"
	}, {
		"Key": "America/Costa_Rica",
		"Name": "America/Costa_Rica (UTC −06:00)"
	}, {
		"Key": "America/Curacao",
		"Name": "America/Curacao (UTC −04:00)"
	}, {
		"Key": "America/El_Salvador",
		"Name": "America/El_Salvador (UTC −06:00)"
	}, {
		"Key": "America/Grand_Turk",
		"Name": "America/Grand_Turk (UTC −05:00)"
	}, {
		"Key": "America/Guatemala",
		"Name": "America/Guatemala (UTC −06:00)"
	}, {
		"Key": "America/Guyana",
		"Name": "America/Guyana (UTC −04:00)"
	}, {
		"Key": "America/Havana",
		"Name": "America/Havana (UTC −05:00)"
	}, {
		"Key": "America/Jamaica",
		"Name": "America/Jamaica (UTC −05:00)"
	}, {
		"Key": "America/La_Paz",
		"Name": "America/La_Paz (UTC −04:00)"
	}, {
		"Key": "America/Lima",
		"Name": "America/Lima (UTC −05:00)"
	}, {
		"Key": "America/Managua",
		"Name": "America/Managua (UTC −06:00)"
	}, {
		"Key": "America/Martinique",
		"Name": "America/Martinique (UTC −04:00)"
	}, {
		"Key": "America/Miquelon",
		"Name": "America/Miquelon (UTC −03:00)"
	}, {
		"Key": "America/Montevideo",
		"Name": "America/Montevideo (UTC −03:00)"
	}, {
		"Key": "America/Nassau",
		"Name": "America/Nassau (UTC −05:00)"
	}, {
		"Key": "America/Panama",
		"Name": "America/Panama (UTC −05:00)"
	}, {
		"Key": "America/Paramaribo",
		"Name": "America/Paramaribo (UTC −03:00)"
	}, {
		"Key": "America/Port_of_Spain",
		"Name": "America/Port_of_Spain (UTC −04:00)"
	}, {
		"Key": "America/Port-au-Prince",
		"Name": "America/Port-au-Prince (UTC −05:00)"
	}, {
		"Key": "America/Puerto_Rico",
		"Name": "America/Puerto_Rico (UTC −04:00)"
	}, {
		"Key": "America/Santo_Domingo",
		"Name": "America/Santo_Domingo (UTC −04:00)"
	}, {
		"Key": "America/Tegucigalpa",
		"Name": "America/Tegucigalpa (UTC −06:00)"
	}, {
		"Key": "Asia/Amman",
		"Name": "Asia/Amman (UTC +02:00)"
	}, {
		"Key": "Asia/Ashgabat",
		"Name": "Asia/Ashgabat (UTC +05:00)"
	}, {
		"Key": "Asia/Baghdad",
		"Name": "Asia/Baghdad (UTC +03:00)"
	}, {
		"Key": "Asia/Baku",
		"Name": "Asia/Baku (UTC +04:00)"
	}, {
		"Key": "Asia/Beirut",
		"Name": "Asia/Beirut (UTC +02:00)"
	}, {
		"Key": "Asia/Bishkek",
		"Name": "Asia/Bishkek (UTC +06:00)"
	}, {
		"Key": "Asia/Brunei",
		"Name": "Asia/Brunei (UTC +08:00)"
	}, {
		"Key": "Asia/Colombo",
		"Name": "Asia/Colombo (UTC +05:30)"
	}, {
		"Key": "Asia/Damascus",
		"Name": "Asia/Damascus (UTC +02:00)"
	}, {
		"Key": "Asia/Dhaka",
		"Name": "Asia/Dhaka (UTC +06:00)"
	}, {
		"Key": "Asia/Dili",
		"Name": "Asia/Dili (UTC +09:00)"
	}, {
		"Key": "Asia/Dubai",
		"Name": "Asia/Dubai (UTC +04:00)"
	}, {
		"Key": "Asia/Dushanbe",
		"Name": "Asia/Dushanbe (UTC +05:00)"
	}, {
		"Key": "Asia/Hong_Kong",
		"Name": "Asia/Hong_Kong (UTC +08:00)"
	}, {
		"Key": "Asia/Jerusalem",
		"Name": "Asia/Jerusalem (UTC +02:00)"
	}, {
		"Key": "Asia/Kabul",
		"Name": "Asia/Kabul (UTC +04:30)"
	}, {
		"Key": "Asia/Karachi",
		"Name": "Asia/Karachi (UTC +05:00)"
	}, {
		"Key": "Asia/Kathmandu",
		"Name": "Asia/Kathmandu (UTC +05:45)"
	}, {
		"Key": "Asia/Kolkata",
		"Name": "Asia/Kolkata (UTC +05:30)"
	}, {
		"Key": "Asia/Macau",
		"Name": "Asia/Macau (UTC +08:00)"
	}, {
		"Key": "Asia/Manila",
		"Name": "Asia/Manila (UTC +08:00)"
	}, {
		"Key": "Asia/Pyongyang",
		"Name": "Asia/Pyongyang (UTC +09:00)"
	}, {
		"Key": "Asia/Qatar",
		"Name": "Asia/Qatar (UTC +03:00)"
	}, {
		"Key": "Asia/Riyadh",
		"Name": "Asia/Riyadh (UTC +03:00)"
	}, {
		"Key": "Asia/Seoul",
		"Name": "Asia/Seoul (UTC +09:00)"
	}, {
		"Key": "Asia/Singapore",
		"Name": "Asia/Singapore (UTC +08:00)"
	}, {
		"Key": "Asia/Taipei",
		"Name": "Asia/Taipei (UTC +08:00)"
	}, {
		"Key": "Asia/Tbilisi",
		"Name": "Asia/Tbilisi (UTC +04:00)"
	}, {
		"Key": "Asia/Tehran",
		"Name": "Asia/Tehran (UTC +03:30)"
	}, {
		"Key": "Asia/Thimphu",
		"Name": "Asia/Thimphu (UTC +06:00)"
	}, {
		"Key": "Asia/Tokyo",
		"Name": "Asia/Tokyo (UTC +09:00)"
	}, {
		"Key": "Asia/Yangon",
		"Name": "Asia/Yangon (UTC +06:30)"
	}, {
		"Key": "Asia/Yerevan",
		"Name": "Asia/Yerevan (UTC +04:00)"
	}, {
		"Key": "Atlantic/Bermuda",
		"Name": "Atlantic/Bermuda (UTC −04:00)"
	}, {
		"Key": "Atlantic/Cape_Verde",
		"Name": "Atlantic/Cape_Verde (UTC −01:00)"
	}, {
		"Key": "Atlantic/Faroe",
		"Name": "Atlantic/Faroe (UTC +00:00)"
	}, {
		"Key": "Atlantic/Reykjavik",
		"Name": "Atlantic/Reykjavik (UTC +00:00)"
	}, {
		"Key": "Atlantic/South_Georgia",
		"Name": "Atlantic/South_Georgia (UTC −02:00)"
	}, {
		"Key": "Atlantic/Stanley",
		"Name": "Atlantic/Stanley (UTC −03:00)"
	}, {
		"Key": "Etc/GMT",
		"Name": "Etc/GMT (UTC +00:00)"
	}, {
		"Key": "Etc/GMT-1",
		"Name": "Etc/GMT-1 (UTC +01:00)"
	}, {
		"Key": "Etc/GMT-2",
		"Name": "Etc/GMT-2 (UTC +02:00)"
	}, {
		"Key": "Etc/GMT-3",
		"Name": "Etc/GMT-3 (UTC +03:00)"
	}, {
		"Key": "Etc/GMT-4",
		"Name": "Etc/GMT-4 (UTC +04:00)"
	}, {
		"Key": "Etc/GMT-5",
		"Name": "Etc/GMT-5 (UTC +05:00)"
	}, {
		"Key": "Etc/GMT-6",
		"Name": "Etc/GMT-6 (UTC +06:00)"
	}, {
		"Key": "Etc/GMT-7",
		"Name": "Etc/GMT-7 (UTC +07:00)"
	}, {
		"Key": "Etc/GMT-8",
		"Name": "Etc/GMT-8 (UTC +08:00)"
	}, {
		"Key": "Etc/GMT-9",
		"Name": "Etc/GMT-9 (UTC +09:00)"
	}, {
		"Key": "Etc/GMT-10",
		"Name": "Etc/GMT-10 (UTC +10:00)"
	}, {
		"Key": "Etc/GMT-11",
		"Name": "Etc/GMT-11 (UTC +11:00)"
	}, {
		"Key": "Etc/GMT-12",
		"Name": "Etc/GMT-12 (UTC +12:00)"
	}, {
		"Key": "Etc/GMT-13",
		"Name": "Etc/GMT-13 (UTC +13:00)"
	}, {
		"Key": "Etc/GMT-14",
		"Name": "Etc/GMT-14 (UTC +14:00)"
	}, {
		"Key": "Etc/GMT+1",
		"Name": "Etc/GMT+1 (UTC −01:00)"
	}, {
		"Key": "Etc/GMT+2",
		"Name": "Etc/GMT+2 (UTC −02:00)"
	}, {
		"Key": "Etc/GMT+3",
		"Name": "Etc/GMT+3 (UTC −03:00)"
	}, {
		"Key": "Etc/GMT+4",
		"Name": "Etc/GMT+4 (UTC −04:00)"
	}, {
		"Key": "Etc/GMT+5",
		"Name": "Etc/GMT+5 (UTC −05:00)"
	}, {
		"Key": "Etc/GMT+6",
		"Name": "Etc/GMT+6 (UTC −06:00)"
	}, {
		"Key": "Etc/GMT+7",
		"Name": "Etc/GMT+7 (UTC −07:00)"
	}, {
		"Key": "Etc/GMT+8",
		"Name": "Etc/GMT+8 (UTC −08:00)"
	}, {
		"Key": "Etc/GMT+9",
		"Name": "Etc/GMT+9 (UTC −09:00)"
	}, {
		"Key": "Etc/GMT+10",
		"Name": "Etc/GMT+10 (UTC −10:00)"
	}, {
		"Key": "Etc/GMT+11",
		"Name": "Etc/GMT+11 (UTC −11:00)"
	}, {
		"Key": "Etc/GMT+12",
		"Name": "Etc/GMT+12 (UTC −12:00)"
	}, {
		"Key": "Etc/UTC",
		"Name": "Etc/UTC (UTC +00:00)"
	}, {
		"Key": "Europe/Amsterdam",
		"Name": "Europe/Amsterdam (UTC +01:00)"
	}, {
		"Key": "Europe/Andorra",
		"Name": "Europe/Andorra (UTC +01:00)"
	}, {
		"Key": "Europe/Athens",
		"Name": "Europe/Athens (UTC +02:00)"
	}, {
		"Key": "Europe/Belgrade",
		"Name": "Europe/Belgrade (UTC +01:00)"
	}, {
		"Key": "Europe/Brussels",
		"Name": "Europe/Brussels (UTC +01:00)"
	}, {
		"Key": "Europe/Bucharest",
		"Name": "Europe/Bucharest (UTC +02:00)"
	}, {
		"Key": "Europe/Budapest",
		"Name": "Europe/Budapest (UTC +01:00)"
	}, {
		"Key": "Europe/Chisinau",
		"Name": "Europe/Chisinau (UTC +02:00)"
	}, {
		"Key": "Europe/Copenhagen",
		"Name": "Europe/Copenhagen (UTC +01:00)"
	}, {
		"Key": "Europe/Dublin",
		"Name": "Europe/Dublin (UTC +01:00)"
	}, {
		"Key": "Europe/Gibraltar",
		"Name": "Europe/Gibraltar (UTC +01:00)"
	}, {
		"Key": "Europe/Helsinki",
		"Name": "Europe/Helsinki (UTC +02:00)"
	}, {
		"Key": "Europe/Istanbul",
		"Name": "Europe/Istanbul (UTC +03:00)"
	}, {
		"Key": "Europe/London",
		"Name": "Europe/London (UTC +00:00)"
	}, {
		"Key": "Europe/Luxembourg",
		"Name": "Europe/Luxembourg (UTC +01:00)"
	}, {
		"Key": "Europe/Malta",
		"Name": "Europe/Malta (UTC +01:00)"
	}, {
		"Key": "Europe/Minsk",
		"Name": "Europe/Minsk (UTC +03:00)"
	}, {
		"Key": "Europe/Monaco",
		"Name": "Europe/Monaco (UTC +01:00)"
	}, {
		"Key": "Europe/Oslo",
		"Name": "Europe/Oslo (UTC +01:00)"
	}, {
		"Key": "Europe/Paris",
		"Name": "Europe/Paris (UTC +01:00)"
	}, {
		"Key": "Europe/Prague",
		"Name": "Europe/Prague (UTC +01:00)"
	}, {
		"Key": "Europe/Riga",
		"Name": "Europe/Riga (UTC +02:00)"
	}, {
		"Key": "Europe/Rome",
		"Name": "Europe/Rome (UTC +01:00)"
	}, {
		"Key": "Europe/Sofia",
		"Name": "Europe/Sofia (UTC +02:00)"
	}, {
		"Key": "Europe/Stockholm",
		"Name": "Europe/Stockholm (UTC +01:00)"
	}, {
		"Key": "Europe/Tallinn",
		"Name": "Europe/Tallinn (UTC +02:00)"
	}, {
		"Key": "Europe/Tirane",
		"Name": "Europe/Tirane (UTC +01:00)"
	}, {
		"Key": "Europe/Vienna",
		"Name": "Europe/Vienna (UTC +01:00)"
	}, {
		"Key": "Europe/Vilnius",
		"Name": "Europe/Vilnius (UTC +02:00)"
	}, {
		"Key": "Europe/Warsaw",
		"Name": "Europe/Warsaw (UTC +01:00)"
	}, {
		"Key": "Factory",
		"Name": "Factory (UTC +00:00)"
	}, {
		"Key": "Indian/Chagos",
		"Name": "Indian/Chagos (UTC +06:00)"
	}, {
		"Key": "Indian/Christmas",
		"Name": "Indian/Christmas (UTC +07:00)"
	}, {
		"Key": "Indian/Cocos",
		"Name": "Indian/Cocos (UTC +06:30)"
	}, {
		"Key": "Indian/Mahe",
		"Name": "Indian/Mahe (UTC +04:00)"
	}, {
		"Key": "Indian/Maldives",
		"Name": "Indian/Maldives (UTC +05:00)"
	}, {
		"Key": "Indian/Mauritius",
		"Name": "Indian/Mauritius (UTC +04:00)"
	}, {
		"Key": "Pacific/Apia",
		"Name": "Pacific/Apia (UTC +13:00)"
	}, {
		"Key": "Pacific/Efate",
		"Name": "Pacific/Efate (UTC +11:00)"
	}, {
		"Key": "Pacific/Fakaofo",
		"Name": "Pacific/Fakaofo (UTC +13:00)"
	}, {
		"Key": "Pacific/Fiji",
		"Name": "Pacific/Fiji (UTC +12:00)"
	}, {
		"Key": "Pacific/Funafuti",
		"Name": "Pacific/Funafuti (UTC +12:00)"
	}, {
		"Key": "Pacific/Guadalcanal",
		"Name": "Pacific/Guadalcanal (UTC +11:00)"
	}, {
		"Key": "Pacific/Guam",
		"Name": "Pacific/Guam (UTC +10:00)"
	}, {
		"Key": "Pacific/Nauru",
		"Name": "Pacific/Nauru (UTC +12:00)"
	}, {
		"Key": "Pacific/Niue",
		"Name": "Pacific/Niue (UTC −11:00)"
	}, {
		"Key": "Pacific/Norfolk",
		"Name": "Pacific/Norfolk (UTC +11:00)"
	}, {
		"Key": "Pacific/Noumea",
		"Name": "Pacific/Noumea (UTC +11:00)"
	}, {
		"Key": "Pacific/Palau",
		"Name": "Pacific/Palau (UTC +09:00)"
	}, {
		"Key": "Pacific/Pitcairn",
		"Name": "Pacific/Pitcairn (UTC −08:00)"
	}, {
		"Key": "Pacific/Rarotonga",
		"Name": "Pacific/Rarotonga (UTC −10:00)"
	}, {
		"Key": "Pacific/Tongatapu",
		"Name": "Pacific/Tongatapu (UTC +13:00)"
	}, {
		"Key": "Pacific/Wallis",
		"Name": "Pacific/Wallis (UTC +12:00)"
	}, {
		"Key": "America/Rio_Branco",
		"Name": "America/Rio_Branco (UTC −05:00)"
	}, {
		"Key": "America/Maceio",
		"Name": "America/Maceio (UTC −03:00)"
	}, {
		"Key": "America/Metlakatla",
		"Name": "America/Metlakatla (UTC −09:00)"
	}, {
		"Key": "America/Juneau",
		"Name": "America/Juneau (UTC −09:00)"
	}, {
		"Key": "America/Sitka",
		"Name": "America/Sitka (UTC −09:00)"
	}, {
		"Key": "America/Yakutat",
		"Name": "America/Yakutat (UTC −09:00)"
	}, {
		"Key": "America/Anchorage",
		"Name": "America/Anchorage (UTC −09:00)"
	}, {
		"Key": "America/Nome",
		"Name": "America/Nome (UTC −09:00)"
	}, {
		"Key": "America/Adak",
		"Name": "America/Adak (UTC −10:00)"
	}, {
		"Key": "America/Manaus",
		"Name": "America/Manaus (UTC −04:00)"
	}, {
		"Key": "America/Eirunepe",
		"Name": "America/Eirunepe (UTC −05:00)"
	}, {
		"Key": "Asia/Aqtobe",
		"Name": "Asia/Aqtobe (UTC +05:00)"
	}, {
		"Key": "America/Argentina/Cordoba",
		"Name": "America/Argentina/Cordoba (UTC −03:00)"
	}, {
		"Key": "America/Blanc-Sablon",
		"Name": "America/Blanc-Sablon (UTC −04:00)"
	}, {
		"Key": "America/Goose_Bay",
		"Name": "America/Goose_Bay (UTC −04:00)"
	}, {
		"Key": "America/Moncton",
		"Name": "America/Moncton (UTC −04:00)"
	}, {
		"Key": "America/Glace_Bay",
		"Name": "America/Glace_Bay (UTC −04:00)"
	}, {
		"Key": "America/Halifax",
		"Name": "America/Halifax (UTC −04:00)"
	}, {
		"Key": "America/Noronha",
		"Name": "America/Noronha (UTC −02:00)"
	}, {
		"Key": "Asia/Atyrau",
		"Name": "Asia/Atyrau (UTC +05:00)"
	}, {
		"Key": "Atlantic/Azores",
		"Name": "Atlantic/Azores (UTC −01:00)"
	}, {
		"Key": "America/Bahia",
		"Name": "America/Bahia (UTC −03:00)"
	}, {
		"Key": "Asia/Hovd",
		"Name": "Asia/Hovd (UTC +07:00)"
	}, {
		"Key": "Asia/Shanghai",
		"Name": "Asia/Shanghai (UTC +08:00)"
	}, {
		"Key": "Asia/Makassar",
		"Name": "Asia/Makassar (UTC +08:00)"
	}, {
		"Key": "Asia/Pontianak",
		"Name": "Asia/Pontianak (UTC +07:00)"
	}, {
		"Key": "Pacific/Bougainville",
		"Name": "Pacific/Bougainville (UTC +11:00)"
	}, {
		"Key": "America/Fortaleza",
		"Name": "America/Fortaleza (UTC −03:00)"
	}, {
		"Key": "America/Sao_Paulo",
		"Name": "America/Sao_Paulo (UTC −03:00)"
	}, {
		"Key": "America/Argentina/Buenos_Aires",
		"Name": "America/Argentina/Buenos_Aires (UTC −03:00)"
	}, {
		"Key": "Atlantic/Canary",
		"Name": "Atlantic/Canary (UTC +00:00)"
	}, {
		"Key": "Antarctica/Casey",
		"Name": "Antarctica/Casey (UTC +11:00)"
	}, {
		"Key": "America/Argentina/Catamarca",
		"Name": "America/Argentina/Catamarca (UTC −03:00)"
	}, {
		"Key": "America/Indiana/Tell_City",
		"Name": "America/Indiana/Tell_City (UTC −06:00)"
	}, {
		"Key": "America/Indiana/Knox",
		"Name": "America/Indiana/Knox (UTC −06:00)"
	}, {
		"Key": "America/Menominee",
		"Name": "America/Menominee (UTC −06:00)"
	}, {
		"Key": "America/North_Dakota/Beulah",
		"Name": "America/North_Dakota/Beulah (UTC −06:00)"
	}, {
		"Key": "America/North_Dakota/New_Salem",
		"Name": "America/North_Dakota/New_Salem (UTC −06:00)"
	}, {
		"Key": "America/North_Dakota/Center",
		"Name": "America/North_Dakota/Center (UTC −06:00)"
	}, {
		"Key": "America/Rankin_Inlet",
		"Name": "America/Rankin_Inlet (UTC −06:00)"
	}, {
		"Key": "America/Resolute",
		"Name": "America/Resolute (UTC −06:00)"
	}, {
		"Key": "America/Rainy_River",
		"Name": "America/Rainy_River (UTC −06:00)"
	}, {
		"Key": "America/Winnipeg",
		"Name": "America/Winnipeg (UTC −06:00)"
	}, {
		"Key": "America/Chicago",
		"Name": "America/Chicago (UTC −06:00)"
	}, {
		"Key": "Africa/Maputo",
		"Name": "Africa/Maputo (UTC +02:00)"
	}, {
		"Key": "America/Mexico_City",
		"Name": "America/Mexico_City (UTC −06:00)"
	}, {
		"Key": "America/Bahia_Banderas",
		"Name": "America/Bahia_Banderas (UTC −06:00)"
	}, {
		"Key": "America/Merida",
		"Name": "America/Merida (UTC −06:00)"
	}, {
		"Key": "America/Monterrey",
		"Name": "America/Monterrey (UTC −06:00)"
	}, {
		"Key": "America/Matamoros",
		"Name": "America/Matamoros (UTC −06:00)"
	}, {
		"Key": "Africa/Ceuta",
		"Name": "Africa/Ceuta (UTC +01:00)"
	}, {
		"Key": "Pacific/Chatham",
		"Name": "Pacific/Chatham (UTC +12:45)"
	}, {
		"Key": "America/Santiago",
		"Name": "America/Santiago (UTC −04:00)"
	}, {
		"Key": "Pacific/Chuuk",
		"Name": "Pacific/Chuuk (UTC +10:00)"
	}, {
		"Key": "Europe/Simferopol",
		"Name": "Europe/Simferopol (UTC +03:00)"
	}, {
		"Key": "America/Swift_Current",
		"Name": "America/Swift_Current (UTC −06:00)"
	}, {
		"Key": "America/Regina",
		"Name": "America/Regina (UTC −06:00)"
	}, {
		"Key": "Asia/Nicosia",
		"Name": "Asia/Nicosia (UTC +02:00)"
	}, {
		"Key": "Antarctica/Davis",
		"Name": "Antarctica/Davis (UTC +07:00)"
	}, {
		"Key": "Asia/Choibalsan",
		"Name": "Asia/Choibalsan (UTC +08:00)"
	}, {
		"Key": "Antarctica/DumontDUrville",
		"Name": "Antarctica/DumontDUrville (UTC +10:00)"
	}, {
		"Key": "Pacific/Easter",
		"Name": "Pacific/Easter (UTC −06:00)"
	}, {
		"Key": "America/Indiana/Marengo",
		"Name": "America/Indiana/Marengo (UTC −05:00)"
	}, {
		"Key": "America/Indiana/Vincennes",
		"Name": "America/Indiana/Vincennes (UTC −05:00)"
	}, {
		"Key": "America/Indiana/Indianapolis",
		"Name": "America/Indiana/Indianapolis (UTC −05:00)"
	}, {
		"Key": "America/Indiana/Petersburg",
		"Name": "America/Indiana/Petersburg (UTC −05:00)"
	}, {
		"Key": "America/Indiana/Winamac",
		"Name": "America/Indiana/Winamac (UTC −05:00)"
	}, {
		"Key": "America/Indiana/Vevay",
		"Name": "America/Indiana/Vevay (UTC −05:00)"
	}, {
		"Key": "America/Kentucky/Louisville",
		"Name": "America/Kentucky/Louisville (UTC −05:00)"
	}, {
		"Key": "America/Kentucky/Monticello",
		"Name": "America/Kentucky/Monticello (UTC −05:00)"
	}, {
		"Key": "America/Detroit",
		"Name": "America/Detroit (UTC −05:00)"
	}, {
		"Key": "America/Iqaluit",
		"Name": "America/Iqaluit (UTC −05:00)"
	}, {
		"Key": "America/Pangnirtung",
		"Name": "America/Pangnirtung (UTC −05:00)"
	}, {
		"Key": "America/Thunder_Bay",
		"Name": "America/Thunder_Bay (UTC −05:00)"
	}, {
		"Key": "America/Toronto",
		"Name": "America/Toronto (UTC −05:00)"
	}, {
		"Key": "America/Nipigon",
		"Name": "America/Nipigon (UTC −05:00)"
	}, {
		"Key": "America/New_York",
		"Name": "America/New_York (UTC −05:00)"
	}, {
		"Key": "America/Cancun",
		"Name": "America/Cancun (UTC −05:00)"
	}, {
		"Key": "America/Guayaquil",
		"Name": "America/Guayaquil (UTC −05:00)"
	}, {
		"Key": "America/Atikokan",
		"Name": "America/Atikokan (UTC −05:00)"
	}, {
		"Key": "Pacific/Galapagos",
		"Name": "Pacific/Galapagos (UTC −06:00)"
	}, {
		"Key": "Pacific/Gambier",
		"Name": "Pacific/Gambier (UTC −09:00)"
	}, {
		"Key": "Asia/Gaza",
		"Name": "Asia/Gaza (UTC +02:00)"
	}, {
		"Key": "Europe/Berlin",
		"Name": "Europe/Berlin (UTC +01:00)"
	}, {
		"Key": "Pacific/Tarawa",
		"Name": "Pacific/Tarawa (UTC +12:00)"
	}, {
		"Key": "America/Nuuk",
		"Name": "America/Nuuk (UTC −03:00)"
	}, {
		"Key": "Pacific/Honolulu",
		"Name": "Pacific/Honolulu (UTC −10:00)"
	}, {
		"Key": "Asia/Bangkok",
		"Name": "Asia/Bangkok (UTC +07:00)"
	}, {
		"Key": "Asia/Jakarta",
		"Name": "Asia/Jakarta (UTC +07:00)"
	}, {
		"Key": "America/Argentina/Jujuy",
		"Name": "America/Argentina/Jujuy (UTC −03:00)"
	}, {
		"Key": "Asia/Almaty",
		"Name": "Asia/Almaty (UTC +06:00)"
	}, {
		"Key": "Indian/Kerguelen",
		"Name": "Indian/Kerguelen (UTC +05:00)"
	}, {
		"Key": "Pacific/Kosrae",
		"Name": "Pacific/Kosrae (UTC +11:00)"
	}, {
		"Key": "Pacific/Kwajalein",
		"Name": "Pacific/Kwajalein (UTC +12:00)"
	}, {
		"Key": "America/Argentina/La_Rioja",
		"Name": "America/Argentina/La_Rioja (UTC −03:00)"
	}, {
		"Key": "Pacific/Kiritimati",
		"Name": "Pacific/Kiritimati (UTC +14:00)"
	}, {
		"Key": "Australia/Lord_Howe",
		"Name": "Australia/Lord_Howe (UTC +10:30)"
	}, {
		"Key": "Antarctica/Macquarie",
		"Name": "Antarctica/Macquarie (UTC +10:00)"
	}, {
		"Key": "Atlantic/Madeira",
		"Name": "Atlantic/Madeira (UTC +00:00)"
	}, {
		"Key": "Asia/Kuala_Lumpur",
		"Name": "Asia/Kuala_Lumpur (UTC +08:00)"
	}, {
		"Key": "Asia/Aqtau",
		"Name": "Asia/Aqtau (UTC +05:00)"
	}, {
		"Key": "Pacific/Marquesas",
		"Name": "Pacific/Marquesas (UTC −09:30)"
	}, {
		"Key": "Pacific/Majuro",
		"Name": "Pacific/Majuro (UTC +12:00)"
	}, {
		"Key": "America/Cuiaba",
		"Name": "America/Cuiaba (UTC −04:00)"
	}, {
		"Key": "America/Campo_Grande",
		"Name": "America/Campo_Grande (UTC −04:00)"
	}, {
		"Key": "Antarctica/Mawson",
		"Name": "Antarctica/Mawson (UTC +05:00)"
	}, {
		"Key": "America/Argentina/Mendoza",
		"Name": "America/Argentina/Mendoza (UTC −03:00)"
	}, {
		"Key": "Asia/Ulaanbaatar",
		"Name": "Asia/Ulaanbaatar (UTC +08:00)"
	}, {
		"Key": "America/Edmonton",
		"Name": "America/Edmonton (UTC −07:00)"
	}, {
		"Key": "America/Boise",
		"Name": "America/Boise (UTC −07:00)"
	}, {
		"Key": "America/Yellowknife",
		"Name": "America/Yellowknife (UTC −07:00)"
	}, {
		"Key": "America/Inuvik",
		"Name": "America/Inuvik (UTC −07:00)"
	}, {
		"Key": "America/Cambridge_Bay",
		"Name": "America/Cambridge_Bay (UTC −07:00)"
	}, {
		"Key": "America/Denver",
		"Name": "America/Denver (UTC −07:00)"
	}, {
		"Key": "America/Hermosillo",
		"Name": "America/Hermosillo (UTC −07:00)"
	}, {
		"Key": "America/Mazatlan",
		"Name": "America/Mazatlan (UTC −07:00)"
	}, {
		"Key": "America/Chihuahua",
		"Name": "America/Chihuahua (UTC −07:00)"
	}, {
		"Key": "America/Ojinaga",
		"Name": "America/Ojinaga (UTC −07:00)"
	}, {
		"Key": "Europe/Kaliningrad",
		"Name": "Europe/Kaliningrad (UTC +02:00)"
	}, {
		"Key": "Europe/Kirov",
		"Name": "Europe/Kirov (UTC +03:00)"
	}, {
		"Key": "Europe/Moscow",
		"Name": "Europe/Moscow (UTC +03:00)"
	}, {
		"Key": "Europe/Astrakhan",
		"Name": "Europe/Astrakhan (UTC +04:00)"
	}, {
		"Key": "Europe/Samara",
		"Name": "Europe/Samara (UTC +04:00)"
	}, {
		"Key": "Europe/Saratov",
		"Name": "Europe/Saratov (UTC +04:00)"
	}, {
		"Key": "Europe/Ulyanovsk",
		"Name": "Europe/Ulyanovsk (UTC +04:00)"
	}, {
		"Key": "Europe/Volgograd",
		"Name": "Europe/Volgograd (UTC +04:00)"
	}, {
		"Key": "Asia/Yekaterinburg",
		"Name": "Asia/Yekaterinburg (UTC +05:00)"
	}, {
		"Key": "Asia/Omsk",
		"Name": "Asia/Omsk (UTC +06:00)"
	}, {
		"Key": "Asia/Barnaul",
		"Name": "Asia/Barnaul (UTC +07:00)"
	}, {
		"Key": "Asia/Novokuznetsk",
		"Name": "Asia/Novokuznetsk (UTC +07:00)"
	}, {
		"Key": "Asia/Krasnoyarsk",
		"Name": "Asia/Krasnoyarsk (UTC +07:00)"
	}, {
		"Key": "Asia/Novosibirsk",
		"Name": "Asia/Novosibirsk (UTC +07:00)"
	}, {
		"Key": "Asia/Tomsk",
		"Name": "Asia/Tomsk (UTC +07:00)"
	}, {
		"Key": "Asia/Irkutsk",
		"Name": "Asia/Irkutsk (UTC +08:00)"
	}, {
		"Key": "Asia/Yakutsk",
		"Name": "Asia/Yakutsk (UTC +09:00)"
	}, {
		"Key": "Asia/Khandyga",
		"Name": "Asia/Khandyga (UTC +09:00)"
	}, {
		"Key": "Asia/Chita",
		"Name": "Asia/Chita (UTC +09:00)"
	}, {
		"Key": "Asia/Vladivostok",
		"Name": "Asia/Vladivostok (UTC +10:00)"
	}, {
		"Key": "Asia/Ust-Nera",
		"Name": "Asia/Ust-Nera (UTC +10:00)"
	}, {
		"Key": "Asia/Magadan",
		"Name": "Asia/Magadan (UTC +11:00)"
	}, {
		"Key": "Asia/Srednekolymsk",
		"Name": "Asia/Srednekolymsk (UTC +11:00)"
	}, {
		"Key": "Asia/Sakhalin",
		"Name": "Asia/Sakhalin (UTC +11:00)"
	}, {
		"Key": "Asia/Anadyr",
		"Name": "Asia/Anadyr (UTC +12:00)"
	}, {
		"Key": "Asia/Kamchatka",
		"Name": "Asia/Kamchatka (UTC +12:00)"
	}, {
		"Key": "America/Phoenix",
		"Name": "America/Phoenix (UTC −07:00)"
	}, {
		"Key": "America/Creston",
		"Name": "America/Creston (UTC −07:00)"
	}, {
		"Key": "America/Dawson_Creek",
		"Name": "America/Dawson_Creek (UTC −07:00)"
	}, {
		"Key": "America/Fort_Nelson",
		"Name": "America/Fort_Nelson (UTC −07:00)"
	}, {
		"Key": "America/Whitehorse",
		"Name": "America/Whitehorse (UTC −07:00)"
	}, {
		"Key": "America/Dawson",
		"Name": "America/Dawson (UTC −07:00)"
	}, {
		"Key": "America/Danmarkshavn",
		"Name": "America/Danmarkshavn (UTC +00:00)"
	}, {
		"Key": "Asia/Jayapura",
		"Name": "Asia/Jayapura (UTC +09:00)"
	}, {
		"Key": "Australia/Sydney",
		"Name": "Australia/Sydney (UTC +10:00)"
	}, {
		"Key": "Australia/Broken_Hill",
		"Name": "Australia/Broken_Hill (UTC +09:30)"
	}, {
		"Key": "Pacific/Auckland",
		"Name": "Pacific/Auckland (UTC +12:00)"
	}, {
		"Key": "America/St_Johns",
		"Name": "America/St_Johns (UTC −03:30)"
	}, {
		"Key": "Asia/Famagusta",
		"Name": "Asia/Famagusta (UTC +02:00)"
	}, {
		"Key": "Australia/Darwin",
		"Name": "Australia/Darwin (UTC +09:30)"
	}, {
		"Key": "America/Los_Angeles",
		"Name": "America/Los_Angeles (UTC −08:00)"
	}, {
		"Key": "America/Vancouver",
		"Name": "America/Vancouver (UTC −08:00)"
	}, {
		"Key": "America/Tijuana",
		"Name": "America/Tijuana (UTC −08:00)"
	}, {
		"Key": "Antarctica/Palmer",
		"Name": "Antarctica/Palmer (UTC −03:00)"
	}, {
		"Key": "Pacific/Port_Moresby",
		"Name": "Pacific/Port_Moresby (UTC +10:00)"
	}, {
		"Key": "America/Belem",
		"Name": "America/Belem (UTC −03:00)"
	}, {
		"Key": "America/Santarem",
		"Name": "America/Santarem (UTC −03:00)"
	}, {
		"Key": "America/Recife",
		"Name": "America/Recife (UTC −03:00)"
	}, {
		"Key": "Pacific/Enderbury",
		"Name": "Pacific/Enderbury (UTC +13:00)"
	}, {
		"Key": "Pacific/Pohnpei",
		"Name": "Pacific/Pohnpei (UTC +11:00)"
	}, {
		"Key": "Europe/Lisbon",
		"Name": "Europe/Lisbon (UTC +00:00)"
	}, {
		"Key": "Asia/Qostanay",
		"Name": "Asia/Qostanay (UTC +06:00)"
	}, {
		"Key": "Australia/Brisbane",
		"Name": "Australia/Brisbane (UTC +10:00)"
	}, {
		"Key": "Australia/Lindeman",
		"Name": "Australia/Lindeman (UTC +10:00)"
	}, {
		"Key": "Asia/Qyzylorda",
		"Name": "Asia/Qyzylorda (UTC +05:00)"
	}, {
		"Key": "America/Punta_Arenas",
		"Name": "America/Punta_Arenas (UTC −03:00)"
	}, {
		"Key": "Indian/Reunion",
		"Name": "Indian/Reunion (UTC +04:00)"
	}, {
		"Key": "America/Porto_Velho",
		"Name": "America/Porto_Velho (UTC −04:00)"
	}, {
		"Key": "America/Boa_Vista",
		"Name": "America/Boa_Vista (UTC −04:00)"
	}, {
		"Key": "Antarctica/Rothera",
		"Name": "Antarctica/Rothera (UTC −03:00)"
	}, {
		"Key": "Asia/Kuching",
		"Name": "Asia/Kuching (UTC +08:00)"
	}, {
		"Key": "America/Argentina/Salta",
		"Name": "America/Argentina/Salta (UTC −03:00)"
	}, {
		"Key": "Pacific/Pago_Pago",
		"Name": "Pacific/Pago_Pago (UTC −11:00)"
	}, {
		"Key": "America/Argentina/San_Juan",
		"Name": "America/Argentina/San_Juan (UTC −03:00)"
	}, {
		"Key": "America/Argentina/San_Luis",
		"Name": "America/Argentina/San_Luis (UTC −03:00)"
	}, {
		"Key": "America/Argentina/Rio_Gallegos",
		"Name": "America/Argentina/Rio_Gallegos (UTC −03:00)"
	}, {
		"Key": "America/Scoresbysund",
		"Name": "America/Scoresbysund (UTC −01:00)"
	}, {
		"Key": "Pacific/Tahiti",
		"Name": "Pacific/Tahiti (UTC −10:00)"
	}, {
		"Key": "Australia/Adelaide",
		"Name": "Australia/Adelaide (UTC +09:30)"
	}, {
		"Key": "Europe/Madrid",
		"Name": "Europe/Madrid (UTC +01:00)"
	}, {
		"Key": "Europe/Zurich",
		"Name": "Europe/Zurich (UTC +01:00)"
	}, {
		"Key": "Antarctica/Syowa",
		"Name": "Antarctica/Syowa (UTC +03:00)"
	}, {
		"Key": "Australia/Currie",
		"Name": "Australia/Currie (UTC +10:00)"
	}, {
		"Key": "Australia/Hobart",
		"Name": "Australia/Hobart (UTC +10:00)"
	}, {
		"Key": "America/Thule",
		"Name": "America/Thule (UTC −04:00)"
	}, {
		"Key": "America/Argentina/Ushuaia",
		"Name": "America/Argentina/Ushuaia (UTC −03:00)"
	}, {
		"Key": "America/Araguaina",
		"Name": "America/Araguaina (UTC −03:00)"
	}, {
		"Key": "Europe/Uzhgorod",
		"Name": "Europe/Uzhgorod (UTC +02:00)"
	}, {
		"Key": "Antarctica/Troll",
		"Name": "Antarctica/Troll (UTC +00:00)"
	}, {
		"Key": "America/Argentina/Tucuman",
		"Name": "America/Argentina/Tucuman (UTC −03:00)"
	}, {
		"Key": "Europe/Kiev",
		"Name": "Europe/Kiev (UTC +02:00)"
	}, {
		"Key": "Asia/Tashkent",
		"Name": "Asia/Tashkent (UTC +05:00)"
	}, {
		"Key": "Asia/Samarkand",
		"Name": "Asia/Samarkand (UTC +05:00)"
	}, {
		"Key": "Australia/Melbourne",
		"Name": "Australia/Melbourne (UTC +10:00)"
	}, {
		"Key": "Asia/Ho_Chi_Minh",
		"Name": "Asia/Ho_Chi_Minh (UTC +07:00)"
	}, {
		"Key": "Antarctica/Vostok",
		"Name": "Antarctica/Vostok (UTC +06:00)"
	}, {
		"Key": "Pacific/Wake",
		"Name": "Pacific/Wake (UTC +12:00)"
	}, {
		"Key": "Africa/Lagos",
		"Name": "Africa/Lagos (UTC +01:00)"
	}, {
		"Key": "Asia/Hebron",
		"Name": "Asia/Hebron (UTC +02:00)"
	}, {
		"Key": "Asia/Oral",
		"Name": "Asia/Oral (UTC +05:00)"
	}, {
		"Key": "Australia/Eucla",
		"Name": "Australia/Eucla (UTC +08:45)"
	}, {
		"Key": "Australia/Perth",
		"Name": "Australia/Perth (UTC +08:00)"
	}, {
		"Key": "Asia/Urumqi",
		"Name": "Asia/Urumqi (UTC +06:00)"
	}, {
		"Key": "Europe/Zaporozhye",
		"Name": "Europe/Zaporozhye (UTC +02:00)"
	}]
}