{
  "view/buildAddressChk.fragment.xml": 1623857372624,
  "controller/Configuration.controller.js": 1623857372616,
  "manifest.json": 1623930424051,
  "model/models.js": 1623857372616,
  "controller/json2xml.js": 1623857372616,
  "model/mock_al01.json": 1623857372616,
  "Component.js": 1623857372612,
  "manifest-bundle.zip": 1623930424067,
  "Component-preload.js": 1623930424693,
  "controller/json2xml-dbg.js": 1623857372616,
  "model/models-dbg.js": 1623857372616,
  "controller/Configuration-dbg.controller.js": 1623857372616,
  "Component-dbg.js": 1623857372612,
  "i18n/i18n.properties": 1623857372616,
  "view/Configuration.view.xml": 1623857372624,
  "resources/logo.png": 1623857372620,
  "css/style.css": 1623857372616,
  "index.html": 1623857372616
}