{
  "view/Configuration.view.xml": 1637877473871,
  "Component.js": 1637877473843,
  "manifest.json": 1638029617158,
  "model/models.js": 1637877473855,
  "controller/json2xml.js": 1637877473851,
  "controller/Configuration.controller.js": 1637877473851,
  "model/mock_al01.json": 1637877473855,
  "manifest-bundle.zip": 1638029617173,
  "Component-preload.js": 1638029617735,
  "controller/Configuration-dbg.controller.js": 1637877473851,
  "controller/json2xml-dbg.js": 1637877473851,
  "model/models-dbg.js": 1637877473855,
  "Component-dbg.js": 1637877473843,
  "view/buildAddressChk.fragment.xml": 1637877473871,
  "i18n/i18n.properties": 1637877473855,
  "resources/logo.png": 1637877473855,
  "css/style.css": 1637877473851,
  "index.html": 1637877473855
}