{
  "i18n/i18n.properties": 1631715907334,
  "controller/Configuration.controller.js": 1631715907330,
  "manifest.json": 1631722073088,
  "model/models.js": 1631715907334,
  "controller/json2xml.js": 1631715907330,
  "model/mock_al01.json": 1631715907334,
  "Component.js": 1631715907330,
  "manifest-bundle.zip": 1631722073097,
  "Component-preload.js": 1631722073461,
  "controller/Configuration-dbg.controller.js": 1631715907330,
  "controller/json2xml-dbg.js": 1631715907330,
  "model/models-dbg.js": 1631715907334,
  "Component-dbg.js": 1631715907330,
  "view/buildAddressChk.fragment.xml": 1631715907342,
  "view/Configuration.view.xml": 1631715907342,
  "resources/logo.png": 1631715907334,
  "css/style.css": 1631715907330,
  "index.html": 1631715907334
}