{
  "controller/Configuration-dbg.controller.js": 1631119402197,
  "controller/Configuration.controller.js": 1631119402197,
  "manifest.json": 1631526216657,
  "model/models.js": 1623857372616,
  "controller/json2xml.js": 1631006198960,
  "model/mock_al01.json": 1623857372616,
  "Component.js": 1623857372612,
  "manifest-bundle.zip": 1631526216669,
  "Component-preload.js": 1631526217111,
  "model/models-dbg.js": 1623857372616,
  "controller/json2xml-dbg.js": 1631006198960,
  "i18n/i18n.properties": 1631119325190,
  "Component-dbg.js": 1623857372612,
  "view/buildAddressChk.fragment.xml": 1631006198956,
  "view/Configuration.view.xml": 1631119234970,
  "resources/logo.png": 1623857372620,
  "css/style.css": 1623857372616,
  "index.html": 1623857372616
}