{
  "model/parametros.json": 1623857409901,
  "controller/App.controller.js": 1631006385858,
  "model/items.json": 1623857409901,
  "manifest.json": 1631018306935,
  "model/models.js": 1623857409901,
  "model/formatter.js": 1623857409901,
  "controller/NotFound.controller.js": 1631006385862,
  "controller/Master.controller.js": 1631006385862,
  "controller/ListSelector.js": 1631006385858,
  "controller/ErrorHandler.js": 1631006385858,
  "controller/DetailObjectNotFound.js": 1631006385858,
  "controller/DetailObjectNotFound.controller.js": 1631006385858,
  "controller/Detail.controller.js": 1631006385858,
  "controller/BaseController.js": 1631006385858,
  "i18n/i18n.properties": 1631006385858,
  "Component.js": 1623857409893,
  "manifest-bundle.zip": 1631018306948,
  "Component-preload.js": 1631018307553,
  "controller/ErrorHandler-dbg.js": 1631006385858,
  "model/formatter-dbg.js": 1623857409901,
  "controller/NotFound-dbg.controller.js": 1631006385862,
  "controller/Master-dbg.controller.js": 1631006385862,
  "controller/ListSelector-dbg.js": 1631006385858,
  "model/models-dbg.js": 1623857409901,
  "controller/DetailObjectNotFound-dbg.js": 1631006385858,
  "controller/DetailObjectNotFound-dbg.controller.js": 1631006385858,
  "controller/Detail-dbg.controller.js": 1631006385858,
  "controller/BaseController-dbg.js": 1631006385858,
  "controller/App-dbg.controller.js": 1631006385858,
  "Component-dbg.js": 1623857409893,
  "view/ViewSettingsDialogDetail.fragment.xml": 1631006385858,
  "view/ViewSettingsDialog.fragment.xml": 1631006385858,
  "view/NotFound.view.xml": 1631006385858,
  "view/Master.view.xml": 1631006385858,
  "view/DetailObjectNotFound.view.xml": 1631006385858,
  "view/Detail.view.xml": 1631006385858,
  "view/App.view.xml": 1631006385858,
  "test.html": 1623857409921
}