{
  "controller/DetailObjectNotFound.js": 1637877706223,
  "manifest.json": 1638029625790,
  "model/items.json": 1637877706227,
  "model/parametros.json": 1637877706227,
  "model/models.js": 1637877706227,
  "model/formatter.js": 1637877706227,
  "controller/NotFound.controller.js": 1637877706223,
  "controller/Master.controller.js": 1637877706223,
  "controller/ListSelector.js": 1637877706223,
  "controller/ErrorHandler.js": 1637877706223,
  "i18n/i18n.properties": 1637877706227,
  "controller/DetailObjectNotFound.controller.js": 1637877706223,
  "controller/Detail.controller.js": 1637877706223,
  "controller/BaseController.js": 1637877706223,
  "controller/App.controller.js": 1637877706223,
  "Component.js": 1637877706219,
  "manifest-bundle.zip": 1638029625808,
  "Component-preload.js": 1638029626417,
  "controller/Detail-dbg.controller.js": 1637877706223,
  "model/formatter-dbg.js": 1637877706227,
  "controller/NotFound-dbg.controller.js": 1637877706223,
  "controller/Master-dbg.controller.js": 1637877706223,
  "controller/ListSelector-dbg.js": 1637877706223,
  "controller/ErrorHandler-dbg.js": 1637877706223,
  "controller/DetailObjectNotFound-dbg.js": 1637877706223,
  "controller/DetailObjectNotFound-dbg.controller.js": 1637877706223,
  "model/models-dbg.js": 1637877706227,
  "controller/BaseController-dbg.js": 1637877706223,
  "controller/App-dbg.controller.js": 1637877706223,
  "Component-dbg.js": 1637877706219,
  "view/ViewSettingsDialogDetail.fragment.xml": 1637877706259,
  "view/ViewSettingsDialog.fragment.xml": 1637877706259,
  "view/NotFound.view.xml": 1637877706259,
  "view/Master.view.xml": 1637877706259,
  "view/DetailObjectNotFound.view.xml": 1637877706255,
  "view/Detail.view.xml": 1637877706255,
  "view/App.view.xml": 1637877706255,
  "css/style.css": 1637877706227,
  "test.html": 1637877706255
}