{
  "controller/DetailObjectNotFound.js": 1637877808363,
  "Component.js": 1637877808359,
  "model/items.json": 1637877808367,
  "manifest.json": 1638029569937,
  "model/models.js": 1637877808367,
  "model/formatter.js": 1637877808367,
  "controller/NotFound.controller.js": 1637877808363,
  "controller/Master.controller.js": 1637877808363,
  "controller/ListSelector.js": 1637877808363,
  "controller/ErrorHandler.js": 1637877808363,
  "i18n/i18n.properties": 1637877808367,
  "controller/DetailObjectNotFound.controller.js": 1637877808363,
  "controller/Detail.controller.js": 1637877808359,
  "controller/BaseController.js": 1637877808359,
  "controller/App.controller.js": 1637877808359,
  "model/parametros.json": 1637877808371,
  "manifest-bundle.zip": 1638029569955,
  "Component-preload.js": 1638029570656,
  "controller/NotFound-dbg.controller.js": 1637877808363,
  "model/formatter-dbg.js": 1637877808367,
  "model/models-dbg.js": 1637877808367,
  "controller/Master-dbg.controller.js": 1637877808363,
  "controller/ListSelector-dbg.js": 1637877808363,
  "controller/ErrorHandler-dbg.js": 1637877808363,
  "controller/DetailObjectNotFound-dbg.js": 1637877808363,
  "controller/DetailObjectNotFound-dbg.controller.js": 1637877808363,
  "controller/Detail-dbg.controller.js": 1637877808359,
  "controller/BaseController-dbg.js": 1637877808359,
  "controller/App-dbg.controller.js": 1637877808359,
  "Component-dbg.js": 1637877808359,
  "view/ViewSettingsDialogDetail.fragment.xml": 1637877808403,
  "view/ViewSettingsDialog.fragment.xml": 1637877808403,
  "view/NotFound.view.xml": 1637877808403,
  "view/Master.view.xml": 1637877808403,
  "view/DetailObjectNotFound.view.xml": 1637877808403,
  "view/Detail.view.xml": 1637877808403,
  "view/App.view.xml": 1637877808403,
  "css/style.css": 1637877808363,
  "test.html": 1637877808399
}