{
  "Component.js": 1631716025236,
  "controller/ListSelector.js": 1631716025236,
  "model/items.json": 1631716025240,
  "manifest.json": 1632314792778,
  "model/models.js": 1631716025240,
  "model/formatter.js": 1631716025240,
  "controller/NotFound.controller.js": 1631716025236,
  "controller/Master.controller.js": 1631716025236,
  "model/parametros.json": 1631716025240,
  "controller/ErrorHandler.js": 1631716025236,
  "controller/DetailObjectNotFound.js": 1631716025236,
  "controller/DetailObjectNotFound.controller.js": 1631716025236,
  "controller/Detail.controller.js": 1631716025236,
  "controller/BaseController.js": 1631716025236,
  "controller/App.controller.js": 1631716025236,
  "i18n/i18n.properties": 1631716025236,
  "manifest-bundle.zip": 1632314792791,
  "Component-preload.js": 1632314793440,
  "controller/DetailObjectNotFound-dbg.controller.js": 1631716025236,
  "model/formatter-dbg.js": 1631716025240,
  "controller/NotFound-dbg.controller.js": 1631716025236,
  "controller/Master-dbg.controller.js": 1631716025236,
  "controller/ListSelector-dbg.js": 1631716025236,
  "controller/ErrorHandler-dbg.js": 1631716025236,
  "controller/DetailObjectNotFound-dbg.js": 1631716025236,
  "model/models-dbg.js": 1631716025240,
  "controller/Detail-dbg.controller.js": 1631716025236,
  "controller/BaseController-dbg.js": 1631716025236,
  "controller/App-dbg.controller.js": 1631716025236,
  "Component-dbg.js": 1631716025236,
  "view/ViewSettingsDialogDetail.fragment.xml": 1631716025256,
  "view/ViewSettingsDialog.fragment.xml": 1631716025256,
  "view/NotFound.view.xml": 1631716025256,
  "view/Master.view.xml": 1631716025256,
  "view/DetailObjectNotFound.view.xml": 1631716025256,
  "view/Detail.view.xml": 1631716025252,
  "view/App.view.xml": 1631716025252,
  "test.html": 1631716025252
}