{
  "view/NotFound.view.xml": 1637878140568,
  "controller/App.controller.js": 1637878140504,
  "model/timezones.json": 1637878140540,
  "manifest.json": 1638029588842,
  "libs/ui5lab/wl/library-preload.js": 1637878140536,
  "libs/x2js/xml2json.js": 1637878140536,
  "model/models.js": 1637878140540,
  "model/formatter.js": 1637878140540,
  "controller/Worklist.controller.js": 1637878140508,
  "controller/Object.controller.js": 1637878140508,
  "controller/NotFound.controller.js": 1637878140508,
  "controller/ErrorHandler.js": 1637878140508,
  "controller/BaseController.js": 1637878140504,
  "model/timezones2.json": 1637878140544,
  "Component.js": 1637878140504,
  "manifest-bundle.zip": 1638029588859,
  "Component-preload.js": 1638029590313,
  "controller/Worklist-dbg.controller.js": 1637878140508,
  "libs/x2js/xml2json-dbg.js": 1637878140536,
  "model/models-dbg.js": 1637878140540,
  "model/formatter-dbg.js": 1637878140540,
  "libs/ui5lab/wl/library-preload-dbg.js": 1637878140536,
  "controller/Object-dbg.controller.js": 1637878140508,
  "controller/NotFound-dbg.controller.js": 1637878140508,
  "controller/ErrorHandler-dbg.js": 1637878140508,
  "controller/BaseController-dbg.js": 1637878140504,
  "controller/App-dbg.controller.js": 1637878140504,
  "Component-dbg.js": 1637878140504,
  "view/fragments/treeTable.fragment.xml": 1637878140584,
  "view/fragments/sourceXsd.fragment.xml": 1637878140580,
  "view/fragments/selectLVs.fragment.xml": 1637878140580,
  "view/fragments/refBps.fragment.xml": 1637878140580,
  "view/fragments/newTemplateConfig.fragment.xml": 1637878140580,
  "view/fragments/newSigner.fragment.xml": 1637878140580,
  "view/fragments/newAttribute.fragment.xml": 1637878140580,
  "view/fragments/manageValues.fragment.xml": 1637878140580,
  "view/fragments/manageLVs.fragment.xml": 1637878140580,
  "view/fragments/manageBPs.fragment.xml": 1637878140580,
  "view/fragments/imageSign.fragment.xml": 1637878140580,
  "view/fragments/globalVar.fragment.xml": 1637878140580,
  "view/fragments/editSigne.fragment.xml": 1637878140576,
  "view/fragments/editFilter.fragment.xml": 1637878140576,
  "view/fragments/editAttribute.fragment.xml": 1637878140576,
  "view/fragments/dispSigner.fragment.xml": 1637878140576,
  "view/fragments/copyTemplate.fragment.xml": 1637878140576,
  "view/fragments/checkMappings.fragment.xml": 1637878140576,
  "view/fragments/bpt.fragment.xml": 1637878140576,
  "view/fragments/ViewSettingsDialog.fragment.xml": 1637878140572,
  "view/Worklist.view.xml": 1637878140572,
  "view/ObjectNotFound.view.xml": 1637878140572,
  "view/Object.view.xml": 1637878140572,
  "i18n/i18n.properties": 1637878140524,
  "view/App.view.xml": 1637878140568,
  "css/style.css": 1637878140508,
  "data/Workday-Human_Resources.xml": 1637878140524,
  "test.html": 1637878140568
}