{
  "view/fragments/manageBPs.fragment.xml": 1631006603603,
  "controller/Object.controller.js": 1631006603591,
  "model/timezones.json": 1623856304738,
  "manifest.json": 1631114347383,
  "libs/ui5lab/wl/library-preload.js": 1623856304686,
  "libs/x2js/xml2json.js": 1623856304690,
  "model/models.js": 1623856304738,
  "model/formatter.js": 1623856304738,
  "controller/Worklist.controller.js": 1631006603595,
  "model/timezones2.json": 1623856304738,
  "controller/NotFound.controller.js": 1631006603587,
  "controller/ErrorHandler.js": 1631006603583,
  "controller/BaseController.js": 1631006603579,
  "controller/App.controller.js": 1631006603575,
  "Component.js": 1623856304658,
  "manifest-bundle.zip": 1631114347393,
  "Component-preload.js": 1631114348763,
  "controller/App-dbg.controller.js": 1631006603575,
  "libs/x2js/xml2json-dbg.js": 1623856304690,
  "model/models-dbg.js": 1623856304738,
  "model/formatter-dbg.js": 1623856304738,
  "controller/Worklist-dbg.controller.js": 1631006603595,
  "controller/Object-dbg.controller.js": 1631006603591,
  "controller/NotFound-dbg.controller.js": 1631006603587,
  "controller/ErrorHandler-dbg.js": 1631006603583,
  "controller/BaseController-dbg.js": 1631006603579,
  "libs/ui5lab/wl/library-preload-dbg.js": 1623856304686,
  "Component-dbg.js": 1623856304658,
  "view/fragments/treeTable.fragment.xml": 1631006603607,
  "view/fragments/sourceXsd.fragment.xml": 1631006603607,
  "view/fragments/selectLVs.fragment.xml": 1631006603603,
  "view/fragments/refBps.fragment.xml": 1631006603603,
  "view/fragments/newTemplateConfig.fragment.xml": 1631006603603,
  "view/fragments/newSigner.fragment.xml": 1631006603603,
  "view/fragments/newAttribute.fragment.xml": 1631006603603,
  "view/fragments/manageValues.fragment.xml": 1631006603603,
  "view/fragments/manageLVs.fragment.xml": 1631006603603,
  "i18n/i18n.properties": 1631006603575,
  "view/fragments/imageSign.fragment.xml": 1631006603599,
  "view/fragments/globalVar.fragment.xml": 1631006603599,
  "view/fragments/editSigne.fragment.xml": 1631006603599,
  "view/fragments/editFilter.fragment.xml": 1631006603599,
  "view/fragments/editAttribute.fragment.xml": 1631006603595,
  "view/fragments/dispSigner.fragment.xml": 1631006603595,
  "view/fragments/copyTemplate.fragment.xml": 1631006603595,
  "view/fragments/checkMappings.fragment.xml": 1631006603595,
  "view/fragments/bpt.fragment.xml": 1631006603587,
  "view/fragments/ViewSettingsDialog.fragment.xml": 1631006603587,
  "view/Worklist.view.xml": 1631006603583,
  "view/ObjectNotFound.view.xml": 1631006603575,
  "view/Object.view.xml": 1631006603575,
  "view/NotFound.view.xml": 1631006603575,
  "view/App.view.xml": 1631006603575,
  "data/Workday-Human_Resources.xml": 1623856304678,
  "css/style.css": 1623856304662,
  "test.html": 1623856304762
}