{
  "view/fragments/editFilter.fragment.xml": 1631716097196,
  "model/timezones2.json": 1631716097172,
  "model/timezones.json": 1631716097168,
  "manifest.json": 1631722051451,
  "libs/ui5lab/wl/library-preload.js": 1631716097160,
  "libs/x2js/xml2json.js": 1631716097164,
  "model/models.js": 1631716097168,
  "model/formatter.js": 1631716097168,
  "controller/Worklist.controller.js": 1631716097120,
  "controller/Object.controller.js": 1631716097120,
  "controller/NotFound.controller.js": 1631716097116,
  "controller/ErrorHandler.js": 1631716097116,
  "controller/BaseController.js": 1631716097116,
  "controller/App.controller.js": 1631716097116,
  "Component.js": 1631716097116,
  "manifest-bundle.zip": 1631722051462,
  "Component-preload.js": 1631722052912,
  "controller/NotFound-dbg.controller.js": 1631716097116,
  "libs/x2js/xml2json-dbg.js": 1631716097164,
  "model/models-dbg.js": 1631716097168,
  "model/formatter-dbg.js": 1631716097168,
  "controller/Worklist-dbg.controller.js": 1631716097120,
  "controller/Object-dbg.controller.js": 1631716097120,
  "libs/ui5lab/wl/library-preload-dbg.js": 1631716097160,
  "controller/ErrorHandler-dbg.js": 1631716097116,
  "controller/BaseController-dbg.js": 1631716097116,
  "controller/App-dbg.controller.js": 1631716097116,
  "Component-dbg.js": 1631716097116,
  "view/fragments/treeTable.fragment.xml": 1631716097200,
  "view/fragments/sourceXsd.fragment.xml": 1631716097200,
  "view/fragments/selectLVs.fragment.xml": 1631716097200,
  "view/fragments/refBps.fragment.xml": 1631716097200,
  "view/fragments/newTemplateConfig.fragment.xml": 1631716097196,
  "view/fragments/newSigner.fragment.xml": 1631716097196,
  "view/fragments/newAttribute.fragment.xml": 1631716097196,
  "view/fragments/manageValues.fragment.xml": 1631716097196,
  "view/fragments/manageLVs.fragment.xml": 1631716097196,
  "view/fragments/manageBPs.fragment.xml": 1631716097196,
  "view/fragments/imageSign.fragment.xml": 1631716097196,
  "view/fragments/globalVar.fragment.xml": 1631716097196,
  "view/fragments/editSigne.fragment.xml": 1631716097196,
  "i18n/i18n.properties": 1631716097152,
  "view/fragments/editAttribute.fragment.xml": 1631716097196,
  "view/fragments/dispSigner.fragment.xml": 1631716097196,
  "view/fragments/copyTemplate.fragment.xml": 1631716097196,
  "view/fragments/checkMappings.fragment.xml": 1631716097192,
  "view/fragments/bpt.fragment.xml": 1631716097192,
  "view/fragments/ViewSettingsDialog.fragment.xml": 1631716097192,
  "view/Worklist.view.xml": 1631716097192,
  "view/ObjectNotFound.view.xml": 1631716097192,
  "view/Object.view.xml": 1631716097192,
  "view/NotFound.view.xml": 1631716097192,
  "view/App.view.xml": 1631716097192,
  "data/Workday-Human_Resources.xml": 1631716097148,
  "css/style.css": 1631716097120,
  "test.html": 1631716097188
}