{
  "model/formatter.js": 1623856304738,
  "libs/ui5lab/wl/library-preload.js": 1623856304686,
  "model/timezones.json": 1623856304738,
  "manifest.json": 1623930389539,
  "model/timezones2.json": 1623856304738,
  "libs/x2js/xml2json.js": 1623856304690,
  "model/models.js": 1623856304738,
  "i18n/i18n.properties": 1623856304678,
  "controller/Worklist.controller.js": 1623856304662,
  "controller/Object.controller.js": 1623856304662,
  "controller/NotFound.controller.js": 1623856304662,
  "controller/ErrorHandler.js": 1623856304662,
  "controller/BaseController.js": 1623856304662,
  "controller/App.controller.js": 1623856304658,
  "Component.js": 1623856304658,
  "manifest-bundle.zip": 1623930389554,
  "Component-preload.js": 1623930391119,
  "controller/Worklist-dbg.controller.js": 1623856304662,
  "libs/x2js/xml2json-dbg.js": 1623856304690,
  "model/models-dbg.js": 1623856304738,
  "model/formatter-dbg.js": 1623856304738,
  "libs/ui5lab/wl/library-preload-dbg.js": 1623856304686,
  "controller/Object-dbg.controller.js": 1623856304662,
  "controller/NotFound-dbg.controller.js": 1623856304662,
  "controller/ErrorHandler-dbg.js": 1623856304662,
  "controller/BaseController-dbg.js": 1623856304662,
  "controller/App-dbg.controller.js": 1623856304658,
  "Component-dbg.js": 1623856304658,
  "view/fragments/treeTable.fragment.xml": 1623856304778,
  "view/fragments/sourceXsd.fragment.xml": 1623856304774,
  "view/fragments/refBps.fragment.xml": 1623856304774,
  "view/fragments/newTemplateConfig.fragment.xml": 1623856304774,
  "view/fragments/newSigner.fragment.xml": 1623856304774,
  "view/fragments/newAttribute.fragment.xml": 1623856304774,
  "view/fragments/manageValues.fragment.xml": 1623856304774,
  "view/fragments/manageBPs.fragment.xml": 1623856304774,
  "view/fragments/imageSign.fragment.xml": 1623856304774,
  "view/fragments/globalVar.fragment.xml": 1623856304774,
  "view/fragments/editSigne.fragment.xml": 1623856304774,
  "view/fragments/editFilter.fragment.xml": 1623856304774,
  "view/fragments/editAttribute.fragment.xml": 1623856304770,
  "view/fragments/dispSigner.fragment.xml": 1623856304770,
  "view/fragments/copyTemplate.fragment.xml": 1623856304770,
  "view/fragments/checkMappings.fragment.xml": 1623856304770,
  "view/fragments/bpt.fragment.xml": 1623856304770,
  "view/fragments/ViewSettingsDialog.fragment.xml": 1623856304770,
  "view/Worklist.view.xml": 1623856304770,
  "view/ObjectNotFound.view.xml": 1623856304762,
  "view/Object.view.xml": 1623856304762,
  "view/NotFound.view.xml": 1623856304762,
  "view/App.view.xml": 1623856304762,
  "data/Workday-Human_Resources.xml": 1623856304678,
  "css/style.css": 1623856304662,
  "test.html": 1623856304762
}