{
  "view/DetailTemp.view.xml": 1631715972279,
  "controller/DetailEmpl.controller.js": 1631715972259,
  "model/itemsTemp.json": 1631715972263,
  "model/itemsEmpl.json": 1631715972263,
  "model/items.json": 1631715972263,
  "manifest.json": 1631888030720,
  "model/models.js": 1631715972263,
  "model/formatter.js": 1631715972263,
  "controller/NotFound.controller.js": 1631715972259,
  "controller/Master.controller.js": 1631715972259,
  "controller/ListSelector.js": 1631715972259,
  "controller/ErrorHandler.js": 1631715972259,
  "controller/DetailTempDetail.controller.js": 1631715972259,
  "controller/DetailTemp.controller.js": 1631715972259,
  "controller/DetailObjectNotFound.js": 1631715972259,
  "controller/DetailObjectNotFound.controller.js": 1631715972259,
  "controller/DetailEmplDetail.controller.js": 1631715972259,
  "model/parametros.json": 1631715972267,
  "controller/Detail.controller.js": 1631715972259,
  "controller/BaseController.js": 1631715972259,
  "controller/App.controller.js": 1631715972259,
  "Component.js": 1631715972255,
  "manifest-bundle.zip": 1631888030739,
  "Component-preload.js": 1631888032061,
  "controller/DetailTemp-dbg.controller.js": 1631715972259,
  "model/formatter-dbg.js": 1631715972263,
  "controller/NotFound-dbg.controller.js": 1631715972259,
  "controller/Master-dbg.controller.js": 1631715972259,
  "controller/ListSelector-dbg.js": 1631715972259,
  "controller/ErrorHandler-dbg.js": 1631715972259,
  "controller/DetailTempDetail-dbg.controller.js": 1631715972259,
  "model/models-dbg.js": 1631715972263,
  "controller/DetailObjectNotFound-dbg.js": 1631715972259,
  "controller/DetailObjectNotFound-dbg.controller.js": 1631715972259,
  "controller/DetailEmplDetail-dbg.controller.js": 1631715972259,
  "controller/DetailEmpl-dbg.controller.js": 1631715972259,
  "controller/Detail-dbg.controller.js": 1631715972259,
  "controller/BaseController-dbg.js": 1631715972259,
  "controller/App-dbg.controller.js": 1631715972259,
  "Component-dbg.js": 1631715972255,
  "view/ViewSettingsDialogTemp.fragment.xml": 1631715972283,
  "view/ViewSettingsDialogEmpl.fragment.xml": 1631715972283,
  "view/ViewSettingsDialogDetailTemp.fragment.xml": 1631715972283,
  "view/ViewSettingsDialogDetailEmpl.fragment.xml": 1631715972283,
  "view/ViewSettingsDialogDetailDetTemp.fragment.xml": 1631715972283,
  "view/ViewSettingsDialogDetailDetEmpl.fragment.xml": 1631715972283,
  "view/ViewSettingsDialogDetail.fragment.xml": 1631715972283,
  "view/ViewSettingsDialog.fragment.xml": 1631715972279,
  "view/NotFound.view.xml": 1631715972279,
  "view/Master.view.xml": 1631715972279,
  "view/DetailTempDetail.view.xml": 1631715972279,
  "i18n/i18n.properties": 1631715972263,
  "view/DetailObjectNotFound.view.xml": 1631715972279,
  "view/DetailEmplDetail.view.xml": 1631715972279,
  "view/DetailEmpl.view.xml": 1631715972279,
  "view/Detail.view.xml": 1631715972279,
  "view/App.view.xml": 1631715972279,
  "test.html": 1631715972279
}