{
  "Component.js": 1637877663027,
  "controller/DetailEmpl.controller.js": 1637877663031,
  "model/itemsTemp.json": 1637877663043,
  "model/itemsEmpl.json": 1637877663043,
  "model/items.json": 1637877663043,
  "manifest.json": 1638029599298,
  "model/models.js": 1637877663043,
  "model/formatter.js": 1637877663043,
  "controller/NotFound.controller.js": 1637877663035,
  "controller/Master.controller.js": 1637877663035,
  "controller/ListSelector.js": 1637877663035,
  "controller/ErrorHandler.js": 1637877663035,
  "controller/DetailTempDetail.controller.js": 1637877663035,
  "controller/DetailTemp.controller.js": 1637877663035,
  "controller/DetailObjectNotFound.js": 1637877663031,
  "controller/DetailObjectNotFound.controller.js": 1637877663031,
  "controller/DetailEmplDetail.controller.js": 1637877663031,
  "model/parametros.json": 1637877663043,
  "controller/Detail.controller.js": 1637877663031,
  "controller/BaseController.js": 1637877663027,
  "controller/App.controller.js": 1637877663027,
  "i18n/i18n.properties": 1637877663039,
  "manifest-bundle.zip": 1638029599313,
  "Component-preload.js": 1638029600343,
  "controller/DetailObjectNotFound-dbg.js": 1637877663031,
  "model/formatter-dbg.js": 1637877663043,
  "controller/NotFound-dbg.controller.js": 1637877663035,
  "controller/Master-dbg.controller.js": 1637877663035,
  "controller/ListSelector-dbg.js": 1637877663035,
  "controller/ErrorHandler-dbg.js": 1637877663035,
  "controller/DetailTempDetail-dbg.controller.js": 1637877663035,
  "controller/DetailTemp-dbg.controller.js": 1637877663035,
  "model/models-dbg.js": 1637877663043,
  "controller/DetailObjectNotFound-dbg.controller.js": 1637877663031,
  "controller/DetailEmplDetail-dbg.controller.js": 1637877663031,
  "controller/DetailEmpl-dbg.controller.js": 1637877663031,
  "controller/Detail-dbg.controller.js": 1637877663031,
  "controller/BaseController-dbg.js": 1637877663027,
  "controller/App-dbg.controller.js": 1637877663027,
  "Component-dbg.js": 1637877663027,
  "view/ViewSettingsDialogTemp.fragment.xml": 1637877663099,
  "view/ViewSettingsDialogEmpl.fragment.xml": 1637877663099,
  "view/ViewSettingsDialogDetailTemp.fragment.xml": 1637877663099,
  "view/ViewSettingsDialogDetailEmpl.fragment.xml": 1637877663099,
  "view/ViewSettingsDialogDetailDetTemp.fragment.xml": 1637877663099,
  "view/ViewSettingsDialogDetailDetEmpl.fragment.xml": 1637877663099,
  "view/ViewSettingsDialogDetail.fragment.xml": 1637878825513,
  "view/ViewSettingsDialog.fragment.xml": 1637877663099,
  "view/NotFound.view.xml": 1637877663099,
  "view/Master.view.xml": 1637877663099,
  "view/DetailTempDetail.view.xml": 1637877663099,
  "view/DetailTemp.view.xml": 1637877663099,
  "view/DetailObjectNotFound.view.xml": 1637877663095,
  "view/DetailEmplDetail.view.xml": 1637877663095,
  "view/DetailEmpl.view.xml": 1637877663095,
  "view/Detail.view.xml": 1637877663095,
  "view/App.view.xml": 1637877663095,
  "css/style.css": 1637877663039,
  "test.html": 1637877663095
}