{
  "controller/Master.controller.js": 1631006330065,
  "model/formatter.js": 1623856565394,
  "model/itemsTemp.json": 1623856565394,
  "model/itemsEmpl.json": 1623856565394,
  "model/items.json": 1623856565394,
  "manifest.json": 1631285309518,
  "model/models.js": 1623856565394,
  "model/parametros.json": 1623856565398,
  "controller/NotFound.controller.js": 1631006330065,
  "i18n/i18n.properties": 1631006330053,
  "controller/ListSelector.js": 1631006330065,
  "controller/ErrorHandler.js": 1631006330065,
  "controller/DetailTempDetail.controller.js": 1631006330065,
  "controller/DetailTemp.controller.js": 1631006330061,
  "controller/DetailObjectNotFound.js": 1631006330061,
  "controller/DetailObjectNotFound.controller.js": 1631006330061,
  "controller/DetailEmplDetail.controller.js": 1631006330061,
  "controller/DetailEmpl.controller.js": 1631006330061,
  "controller/Detail.controller.js": 1631006330057,
  "controller/BaseController.js": 1631006330057,
  "controller/App.controller.js": 1631006330057,
  "Component.js": 1623856565350,
  "manifest-bundle.zip": 1631285309539,
  "Component-preload.js": 1631285310721,
  "controller/DetailEmplDetail-dbg.controller.js": 1631006330061,
  "model/formatter-dbg.js": 1623856565394,
  "controller/NotFound-dbg.controller.js": 1631006330065,
  "controller/Master-dbg.controller.js": 1631006330065,
  "controller/ListSelector-dbg.js": 1631006330065,
  "controller/ErrorHandler-dbg.js": 1631006330065,
  "controller/DetailTempDetail-dbg.controller.js": 1631006330065,
  "controller/DetailTemp-dbg.controller.js": 1631006330061,
  "controller/DetailObjectNotFound-dbg.js": 1631006330061,
  "controller/DetailObjectNotFound-dbg.controller.js": 1631006330061,
  "model/models-dbg.js": 1623856565394,
  "controller/DetailEmpl-dbg.controller.js": 1631006330061,
  "controller/Detail-dbg.controller.js": 1631006330057,
  "controller/BaseController-dbg.js": 1631006330057,
  "controller/App-dbg.controller.js": 1631006330057,
  "Component-dbg.js": 1623856565350,
  "view/ViewSettingsDialogTemp.fragment.xml": 1631006330065,
  "view/ViewSettingsDialogEmpl.fragment.xml": 1631006330065,
  "view/ViewSettingsDialogDetailTemp.fragment.xml": 1631006330065,
  "view/ViewSettingsDialogDetailEmpl.fragment.xml": 1631006330065,
  "view/ViewSettingsDialogDetailDetTemp.fragment.xml": 1631006330065,
  "view/ViewSettingsDialogDetailDetEmpl.fragment.xml": 1631006330065,
  "view/ViewSettingsDialogDetail.fragment.xml": 1631006330065,
  "view/ViewSettingsDialog.fragment.xml": 1631006330061,
  "view/NotFound.view.xml": 1631006330061,
  "view/Master.view.xml": 1631006330061,
  "view/DetailTempDetail.view.xml": 1631006330061,
  "view/DetailTemp.view.xml": 1631006330061,
  "view/DetailObjectNotFound.view.xml": 1631006330061,
  "view/DetailEmplDetail.view.xml": 1631006330057,
  "view/DetailEmpl.view.xml": 1631006330057,
  "view/Detail.view.xml": 1631006330057,
  "view/App.view.xml": 1631006330053
}