{
  "view/ViewSettingsDialogDetail.fragment.xml": 1623855997417,
  "controller/Worklist.controller.js": 1623855997369,
  "manifest.json": 1623864162965,
  "model/models.js": 1623855997377,
  "model/formatter.js": 1623855997377,
  "model/items.json": 1623855997377,
  "controller/Object.controller.js": 1623855997369,
  "controller/NotFound.controller.js": 1623855997369,
  "controller/ErrorHandler.js": 1623855997365,
  "controller/BaseController.js": 1623855997365,
  "controller/App.controller.js": 1623855997365,
  "Component.js": 1623855997361,
  "manifest-bundle.zip": 1623864162977,
  "Component-preload.js": 1623864163419,
  "Component-dbg.js": 1623855997361,
  "model/formatter-dbg.js": 1623855997377,
  "controller/Worklist-dbg.controller.js": 1623855997369,
  "controller/Object-dbg.controller.js": 1623855997369,
  "controller/NotFound-dbg.controller.js": 1623855997369,
  "controller/ErrorHandler-dbg.js": 1623855997365,
  "controller/BaseController-dbg.js": 1623855997365,
  "controller/App-dbg.controller.js": 1623855997365,
  "model/models-dbg.js": 1623855997377,
  "view/Worklist.view.xml": 1623855997421,
  "i18n/i18n.properties": 1623855997373,
  "view/ViewSettingsDialog.fragment.xml": 1623855997417,
  "view/ObjectNotFound.view.xml": 1623855997417,
  "view/Object.view.xml": 1623855997417,
  "view/NotFound.view.xml": 1623855997417,
  "view/App.view.xml": 1623855997413,
  "test.html": 1623855997413
}