{
  "controller/ErrorHandler.js": 1623256815676,
  "controller/BaseController.js": 1623256815672,
  "model/models.js": 1623256815688,
  "model/formatter.js": 1623256815684,
  "controller/Worklist.controller.js": 1623256815684,
  "controller/Object.controller.js": 1623256815684,
  "controller/NotFound.controller.js": 1623256815676,
  "i18n/i18n.properties": 1623256815684,
  "manifest.json": 1623837623084,
  "controller/App.controller.js": 1623256815672,
  "Component.js": 1623256815668,
  "manifest-bundle.zip": 1623837623097,
  "Component-preload.js": 1623837623392,
  "controller/NotFound-dbg.controller.js": 1623256815676,
  "model/formatter-dbg.js": 1623256815684,
  "controller/Worklist-dbg.controller.js": 1623256815684,
  "controller/Object-dbg.controller.js": 1623256815684,
  "model/models-dbg.js": 1623256815688,
  "controller/ErrorHandler-dbg.js": 1623256815676,
  "controller/BaseController-dbg.js": 1623256815672,
  "controller/App-dbg.controller.js": 1623256815672,
  "Component-dbg.js": 1623256815668,
  "view/Worklist.view.xml": 1623256815712,
  "view/ObjectNotFound.view.xml": 1623256815712,
  "view/Object.view.xml": 1623256815712,
  "view/NotFound.view.xml": 1623256815708,
  "view/App.view.xml": 1623256815708,
  "test.html": 1623256815708,
  "index.html": 1623256815684
}