{
  "controller/App.controller.js": 1637878251548,
  "manifest.json": 1638029551746,
  "model/items.json": 1637878251568,
  "model/models.js": 1637878251568,
  "model/formatter.js": 1637878251568,
  "controller/Worklist.controller.js": 1637878251552,
  "controller/Object.controller.js": 1637878251552,
  "controller/NotFound.controller.js": 1637878251552,
  "controller/ErrorHandler.js": 1637878251552,
  "controller/BaseController.js": 1637878251552,
  "i18n/i18n.properties": 1637878251564,
  "Component.js": 1637878251548,
  "manifest-bundle.zip": 1638029551762,
  "Component-preload.js": 1638029552283,
  "controller/Worklist-dbg.controller.js": 1637878251552,
  "model/formatter-dbg.js": 1637878251568,
  "model/models-dbg.js": 1637878251568,
  "controller/Object-dbg.controller.js": 1637878251552,
  "controller/NotFound-dbg.controller.js": 1637878251552,
  "controller/ErrorHandler-dbg.js": 1637878251552,
  "controller/BaseController-dbg.js": 1637878251552,
  "controller/App-dbg.controller.js": 1637878251548,
  "Component-dbg.js": 1637878251548,
  "view/Worklist.view.xml": 1637878251596,
  "view/ViewSettingsDialogDetail.fragment.xml": 1637878251596,
  "view/ViewSettingsDialog.fragment.xml": 1637878251596,
  "view/ObjectNotFound.view.xml": 1637878251596,
  "view/Object.view.xml": 1637878251596,
  "view/NotFound.view.xml": 1637878251596,
  "view/App.view.xml": 1637878251596,
  "test.html": 1637878251592
}