{
  "controller/Object-dbg.controller.js": 1631716123681,
  "Component.js": 1631716123681,
  "manifest.json": 1631722020594,
  "model/models.js": 1631716123685,
  "model/formatter.js": 1631716123685,
  "controller/Worklist.controller.js": 1631716123681,
  "controller/Object.controller.js": 1631716123681,
  "controller/NotFound.controller.js": 1631716123681,
  "controller/ErrorHandler.js": 1631716123681,
  "controller/BaseController.js": 1631716123681,
  "controller/App.controller.js": 1631716123681,
  "model/items.json": 1631716123685,
  "manifest-bundle.zip": 1631722020602,
  "Component-preload.js": 1631722020941,
  "controller/Worklist-dbg.controller.js": 1631716123681,
  "model/formatter-dbg.js": 1631716123685,
  "model/models-dbg.js": 1631716123685,
  "i18n/i18n.properties": 1631716123681,
  "controller/NotFound-dbg.controller.js": 1631716123681,
  "controller/ErrorHandler-dbg.js": 1631716123681,
  "controller/BaseController-dbg.js": 1631716123681,
  "controller/App-dbg.controller.js": 1631716123681,
  "Component-dbg.js": 1631716123681,
  "view/Worklist.view.xml": 1631716123701,
  "view/ViewSettingsDialogDetail.fragment.xml": 1631716123697,
  "view/ViewSettingsDialog.fragment.xml": 1631716123697,
  "view/ObjectNotFound.view.xml": 1631716123697,
  "view/Object.view.xml": 1631716123697,
  "view/NotFound.view.xml": 1631716123697,
  "view/App.view.xml": 1631716123697,
  "test.html": 1631716123697
}