{
  "controller/Object-dbg.controller.js": 1631006683428,
  "model/items.json": 1623855997377,
  "manifest.json": 1631526015667,
  "model/models.js": 1623855997377,
  "model/formatter.js": 1623855997377,
  "controller/Worklist.controller.js": 1631006683428,
  "controller/Object.controller.js": 1631006683428,
  "controller/NotFound.controller.js": 1631006683424,
  "controller/ErrorHandler.js": 1631006683424,
  "controller/BaseController.js": 1631006683420,
  "controller/App.controller.js": 1631006683420,
  "Component.js": 1623855997361,
  "manifest-bundle.zip": 1631526015685,
  "Component-preload.js": 1631526016375,
  "controller/App-dbg.controller.js": 1631006683420,
  "model/formatter-dbg.js": 1623855997377,
  "controller/Worklist-dbg.controller.js": 1631006683428,
  "i18n/i18n.properties": 1631006683420,
  "controller/NotFound-dbg.controller.js": 1631006683424,
  "controller/ErrorHandler-dbg.js": 1631006683424,
  "controller/BaseController-dbg.js": 1631006683420,
  "model/models-dbg.js": 1623855997377,
  "Component-dbg.js": 1623855997361,
  "view/Worklist.view.xml": 1631006683428,
  "view/ViewSettingsDialogDetail.fragment.xml": 1631006683428,
  "view/ViewSettingsDialog.fragment.xml": 1631006683424,
  "view/ObjectNotFound.view.xml": 1631006683424,
  "view/Object.view.xml": 1631006683420,
  "view/NotFound.view.xml": 1631006683420,
  "view/App.view.xml": 1631006683416,
  "test.html": 1623855997413
}