{
  "controller/App.controller.js": 1623859124117,
  "controller/DetailObjectNotFound.controller.js": 1623859124125,
  "model/timezones2.json": 1623859124145,
  "model/timezones.json": 1623859124145,
  "manifest.json": 1624371099492,
  "model/models.js": 1623859124141,
  "model/formatter.js": 1623859124141,
  "controller/NotFound.controller.js": 1623859124133,
  "controller/Master.controller.js": 1623859124129,
  "controller/ListSelector.js": 1623859124129,
  "controller/ErrorHandler.js": 1623859124125,
  "controller/DetailObjectNotFound.js": 1623859124125,
  "model/timezones3.json": 1623859124145,
  "controller/Detail.controller.js": 1623859124121,
  "controller/BaseController.js": 1623859124121,
  "i18n/i18n.properties": 1623859124133,
  "Component.js": 1623859124117,
  "manifest-bundle.zip": 1624371099506,
  "Component-preload.js": 1624371100180,
  "controller/Master-dbg.controller.js": 1623859124129,
  "model/formatter-dbg.js": 1623859124141,
  "controller/NotFound-dbg.controller.js": 1623859124133,
  "model/models-dbg.js": 1623859124141,
  "controller/ListSelector-dbg.js": 1623859124129,
  "controller/ErrorHandler-dbg.js": 1623859124125,
  "controller/DetailObjectNotFound-dbg.js": 1623859124125,
  "controller/DetailObjectNotFound-dbg.controller.js": 1623859124125,
  "controller/Detail-dbg.controller.js": 1623859124121,
  "controller/BaseController-dbg.js": 1623859124121,
  "controller/App-dbg.controller.js": 1623859124117,
  "Component-dbg.js": 1623859124117,
  "view/fragment/Planning.fragment.xml": 1623859124209,
  "view/fragment/OnDemand.fragment.xml": 1623859124209,
  "view/fragment/NewPlanning.fragment.xml": 1623859124209,
  "view/fragment/DisplayData.fragment.xml": 1623859124209,
  "view/fragment/ChangeData.fragment.xml": 1623859124209,
  "view/ViewSettingsDialog.fragment.xml": 1623859124205,
  "view/NotFound.view.xml": 1623859124205,
  "view/Master.view.xml": 1623859124205,
  "view/DetailObjectNotFound.view.xml": 1623859124201,
  "view/Detail.view.xml": 1623859124201,
  "view/App.view.xml": 1623859124197,
  "test.html": 1623859124197
}