{
  "view/ViewSettingsDialog.fragment.xml": 1631716072376,
  "model/formatter.js": 1631716072360,
  "model/timezones2.json": 1631716072360,
  "model/timezones.json": 1631716072360,
  "manifest.json": 1632315257910,
  "model/models.js": 1631716072360,
  "model/timezones3.json": 1631716072360,
  "controller/NotFound.controller.js": 1631716072356,
  "controller/Master.controller.js": 1631716072356,
  "controller/ListSelector.js": 1631716072356,
  "controller/ErrorHandler.js": 1631716072356,
  "controller/DetailObjectNotFound.js": 1631716072356,
  "controller/DetailObjectNotFound.controller.js": 1631716072356,
  "controller/Detail.controller.js": 1631716072356,
  "controller/BaseController.js": 1631716072356,
  "controller/App.controller.js": 1631716072352,
  "Component.js": 1631716072352,
  "manifest-bundle.zip": 1632315257919,
  "Component-preload.js": 1632315258407,
  "controller/Master-dbg.controller.js": 1631716072356,
  "model/formatter-dbg.js": 1631716072360,
  "controller/NotFound-dbg.controller.js": 1631716072356,
  "model/models-dbg.js": 1631716072360,
  "controller/ListSelector-dbg.js": 1631716072356,
  "controller/ErrorHandler-dbg.js": 1631716072356,
  "controller/DetailObjectNotFound-dbg.js": 1631716072356,
  "controller/DetailObjectNotFound-dbg.controller.js": 1631716072356,
  "controller/Detail-dbg.controller.js": 1631716072356,
  "controller/BaseController-dbg.js": 1631716072356,
  "controller/App-dbg.controller.js": 1631716072352,
  "Component-dbg.js": 1631716072352,
  "view/fragment/Planning.fragment.xml": 1631716072380,
  "view/fragment/OnDemand.fragment.xml": 1631716072380,
  "view/fragment/NewPlanning.fragment.xml": 1631716072380,
  "view/fragment/DisplayData.fragment.xml": 1631716072376,
  "view/fragment/ChangeData.fragment.xml": 1631716072376,
  "i18n/i18n.properties": 1632141214665,
  "view/NotFound.view.xml": 1631716072376,
  "view/Master.view.xml": 1631716072376,
  "view/DetailObjectNotFound.view.xml": 1631716072376,
  "view/Detail.view.xml": 1631716072376,
  "view/App.view.xml": 1631716072376,
  "test.html": 1631716072376
}