{
  "model/models.js": 1623859124141,
  "model/timezones3.json": 1623859124145,
  "model/timezones2.json": 1623859124145,
  "model/timezones.json": 1623859124145,
  "manifest.json": 1631018366974,
  "i18n/i18n.properties": 1631006533187,
  "model/formatter.js": 1623859124141,
  "controller/NotFound.controller.js": 1631006533203,
  "controller/Master.controller.js": 1631006533199,
  "controller/ListSelector.js": 1631006533199,
  "controller/ErrorHandler.js": 1631006533199,
  "controller/DetailObjectNotFound.js": 1631006533199,
  "controller/DetailObjectNotFound.controller.js": 1631006533195,
  "controller/Detail.controller.js": 1631006533195,
  "controller/BaseController.js": 1631006533191,
  "controller/App.controller.js": 1631006533191,
  "Component.js": 1623859124117,
  "manifest-bundle.zip": 1631018366989,
  "Component-preload.js": 1631018367687,
  "controller/DetailObjectNotFound-dbg.js": 1631006533199,
  "model/formatter-dbg.js": 1623859124141,
  "controller/NotFound-dbg.controller.js": 1631006533203,
  "controller/Master-dbg.controller.js": 1631006533199,
  "controller/ListSelector-dbg.js": 1631006533199,
  "controller/ErrorHandler-dbg.js": 1631006533199,
  "model/models-dbg.js": 1623859124141,
  "controller/DetailObjectNotFound-dbg.controller.js": 1631006533195,
  "controller/Detail-dbg.controller.js": 1631006533195,
  "controller/BaseController-dbg.js": 1631006533191,
  "controller/App-dbg.controller.js": 1631006533191,
  "Component-dbg.js": 1623859124117,
  "view/fragment/Planning.fragment.xml": 1631006533203,
  "view/fragment/OnDemand.fragment.xml": 1631006533203,
  "view/fragment/NewPlanning.fragment.xml": 1631006533199,
  "view/fragment/DisplayData.fragment.xml": 1631006533199,
  "view/fragment/ChangeData.fragment.xml": 1631006533199,
  "view/ViewSettingsDialog.fragment.xml": 1631006533199,
  "view/NotFound.view.xml": 1631006533195,
  "view/Master.view.xml": 1631006533191,
  "view/DetailObjectNotFound.view.xml": 1631006533191,
  "view/Detail.view.xml": 1631006533191,
  "view/App.view.xml": 1631006533187,
  "test.html": 1623859124197
}