{
  "view/fragment/ChangeData.fragment.xml": 1623855875261,
  "model/formatter.js": 1623855875169,
  "model/timezones2.json": 1623855875173,
  "model/timezones.json": 1623855875173,
  "manifest.json": 1623930379272,
  "model/models.js": 1623855875169,
  "model/timezones3.json": 1623855875173,
  "controller/NotFound.controller.js": 1623855875157,
  "controller/Master.controller.js": 1623855875157,
  "controller/ListSelector.js": 1623855875153,
  "controller/ErrorHandler.js": 1623855875149,
  "controller/DetailObjectNotFound.js": 1623855875149,
  "controller/DetailObjectNotFound.controller.js": 1623855875149,
  "controller/Detail.controller.js": 1623855875145,
  "controller/BaseController.js": 1623855875145,
  "controller/App.controller.js": 1623855875141,
  "Component.js": 1623855875141,
  "manifest-bundle.zip": 1623930379287,
  "Component-preload.js": 1623930379964,
  "controller/NotFound-dbg.controller.js": 1623855875157,
  "model/formatter-dbg.js": 1623855875169,
  "model/models-dbg.js": 1623855875169,
  "controller/Master-dbg.controller.js": 1623855875157,
  "controller/ListSelector-dbg.js": 1623855875153,
  "controller/ErrorHandler-dbg.js": 1623855875149,
  "controller/DetailObjectNotFound-dbg.js": 1623855875149,
  "controller/DetailObjectNotFound-dbg.controller.js": 1623855875149,
  "controller/Detail-dbg.controller.js": 1623855875145,
  "controller/BaseController-dbg.js": 1623855875145,
  "controller/App-dbg.controller.js": 1623855875141,
  "Component-dbg.js": 1623855875141,
  "view/fragment/Planning.fragment.xml": 1623855875265,
  "view/fragment/OnDemand.fragment.xml": 1623855875265,
  "view/fragment/NewPlanning.fragment.xml": 1623855875265,
  "view/fragment/DisplayData.fragment.xml": 1623855875261,
  "i18n/i18n.properties": 1623855875161,
  "view/ViewSettingsDialog.fragment.xml": 1623855875257,
  "view/NotFound.view.xml": 1623855875257,
  "view/Master.view.xml": 1623855875253,
  "view/DetailObjectNotFound.view.xml": 1623855875253,
  "view/Detail.view.xml": 1623855875249,
  "view/App.view.xml": 1623855875249,
  "test.html": 1623855875249
}