{
  "controller/json2xml.js": 1631715949211,
  "model/models.js": 1631715949215,
  "manifest.json": 1632314761843,
  "model/formatter.js": 1632313055293,
  "controller/xml2json.js": 1631715949211,
  "controller/transform.js": 1631715949211,
  "i18n/i18n.properties": 1632312994852,
  "controller/Utils.js": 1631715949211,
  "controller/Configuring.controller.js": 1632312908648,
  "Component.js": 1632313171985,
  "manifest-bundle.zip": 1632314761857,
  "Component-preload.js": 1632314763032,
  "Component-dbg.js": 1632313171985,
  "model/formatter-dbg.js": 1632313055293,
  "controller/xml2json-dbg.js": 1631715949211,
  "controller/transform-dbg.js": 1631715949211,
  "controller/json2xml-dbg.js": 1631715949211,
  "controller/Utils-dbg.js": 1631715949211,
  "controller/Configuring-dbg.controller.js": 1632312908648,
  "model/models-dbg.js": 1631715949215,
  "view/treeTable.fragment.xml": 1632312859144,
  "view/sourceXsd.fragment.xml": 1632312840703,
  "view/selectLVs.fragment.xml": 1632312869872,
  "view/manageLVs.fragment.xml": 1632312877888,
  "view/buildAddressChk.fragment.xml": 1631715949223,
  "view/buildAddress.fragment.xml": 1631715949223,
  "view/Configuring.view.xml": 1632312762879,
  "resources/logo.png": 1631715949215,
  "css/style.css": 1631715949211,
  "index.html": 1631715949215
}