{
  "manifest.json": 1631722027755,
  "controller/json2xml.js": 1631715949211,
  "model/models.js": 1631715949215,
  "controller/xml2json.js": 1631715949211,
  "controller/transform.js": 1631715949211,
  "i18n/i18n.properties": 1631715949211,
  "controller/Utils.js": 1631715949211,
  "controller/Configuring.controller.js": 1631715949211,
  "Component.js": 1631715949207,
  "manifest-bundle.zip": 1631722027763,
  "Component-preload.js": 1631722028457,
  "model/models-dbg.js": 1631715949215,
  "controller/xml2json-dbg.js": 1631715949211,
  "controller/transform-dbg.js": 1631715949211,
  "controller/json2xml-dbg.js": 1631715949211,
  "controller/Utils-dbg.js": 1631715949211,
  "controller/Configuring-dbg.controller.js": 1631715949211,
  "Component-dbg.js": 1631715949207,
  "view/buildAddressChk.fragment.xml": 1631715949223,
  "view/buildAddress.fragment.xml": 1631715949223,
  "view/Configuring.view.xml": 1631715949223,
  "resources/logo.png": 1631715949215,
  "css/style.css": 1631715949211,
  "index.html": 1631715949215
}