{
  "controller/Utils-dbg.js": 1623841201874,
  "controller/Configuring.controller.js": 1623841201870,
  "model/models.js": 1623841201878,
  "controller/xml2json.js": 1623841201874,
  "controller/transform.js": 1623841201874,
  "controller/json2xml.js": 1623841201874,
  "controller/Utils.js": 1623841201874,
  "manifest.json": 1623864172362,
  "Component.js": 1623841201870,
  "manifest-bundle.zip": 1623864172374,
  "Component-preload.js": 1623864173044,
  "controller/json2xml-dbg.js": 1623841201874,
  "controller/xml2json-dbg.js": 1623841201874,
  "controller/transform-dbg.js": 1623841201874,
  "model/models-dbg.js": 1623841201878,
  "i18n/i18n.properties": 1623841201874,
  "controller/Configuring-dbg.controller.js": 1623841201870,
  "Component-dbg.js": 1623841201870,
  "view/buildAddressChk.fragment.xml": 1623841201886,
  "view/buildAddress.fragment.xml": 1623841201886,
  "view/Configuring.view.xml": 1623841201886,
  "resources/logo.png": 1623841201878,
  "css/style.css": 1623841201874,
  "index.html": 1623841201874
}