{
  "view/buildAddressChk.fragment.xml": 1631006281109,
  "controller/transform.js": 1631006281109,
  "model/models.js": 1623841201878,
  "controller/xml2json.js": 1631006281113,
  "manifest.json": 1631114288764,
  "controller/json2xml.js": 1631006281109,
  "controller/Utils.js": 1631006281109,
  "controller/Configuring.controller.js": 1631006281109,
  "Component.js": 1623841201870,
  "manifest-bundle.zip": 1631114288774,
  "Component-preload.js": 1631114289397,
  "Component-dbg.js": 1623841201870,
  "controller/xml2json-dbg.js": 1631006281113,
  "controller/transform-dbg.js": 1631006281109,
  "controller/json2xml-dbg.js": 1631006281109,
  "controller/Utils-dbg.js": 1631006281109,
  "controller/Configuring-dbg.controller.js": 1631006281109,
  "model/models-dbg.js": 1623841201878,
  "i18n/i18n.properties": 1631006281109,
  "view/buildAddress.fragment.xml": 1631006281109,
  "view/Configuring.view.xml": 1631006281109,
  "resources/logo.png": 1623841201878,
  "css/style.css": 1623841201874,
  "index.html": 1623841201874
}