{
  "controller/transform.js": 1637877585695,
  "Component.js": 1637877585695,
  "model/models.js": 1637877585699,
  "model/formatter.js": 1637877585699,
  "controller/xml2json.js": 1637877585695,
  "i18n/i18n.properties": 1637877585695,
  "controller/json2xml.js": 1637877585695,
  "controller/Utils.js": 1637877585695,
  "controller/Configuring.controller.js": 1637877585695,
  "manifest.json": 1638029560427,
  "manifest-bundle.zip": 1638029560442,
  "Component-preload.js": 1638029561436,
  "controller/transform-dbg.js": 1637877585695,
  "model/formatter-dbg.js": 1637877585699,
  "controller/xml2json-dbg.js": 1637877585695,
  "model/models-dbg.js": 1637877585699,
  "controller/json2xml-dbg.js": 1637877585695,
  "controller/Utils-dbg.js": 1637877585695,
  "controller/Configuring-dbg.controller.js": 1637877585695,
  "Component-dbg.js": 1637877585695,
  "view/treeTable.fragment.xml": 1637877585707,
  "view/sourceXsd.fragment.xml": 1637877585707,
  "view/selectLVs.fragment.xml": 1637877585707,
  "view/manageLVs.fragment.xml": 1637877585707,
  "view/buildAddressChk.fragment.xml": 1637877585707,
  "view/buildAddress.fragment.xml": 1637877585707,
  "view/Configuring.view.xml": 1637877585707,
  "resources/logo.png": 1637877585699,
  "css/style.css": 1637877585695,
  "index.html": 1637877585699
}