{
  "controller/ListSelector-dbg.js": 1623843723236,
  "model/models.js": 1623843723244,
  "model/items.json": 1623843723244,
  "manifest.json": 1623864181714,
  "model/parametros.json": 1623843723244,
  "model/formatter.js": 1623843723244,
  "controller/NotFound.controller.js": 1623843723240,
  "controller/Master.controller.js": 1623843723240,
  "controller/ListSelector.js": 1623843723236,
  "controller/ErrorHandler.js": 1623843723236,
  "controller/DetailObjectNotFound.js": 1623843723236,
  "controller/DetailObjectNotFound.controller.js": 1623843723236,
  "controller/Detail.controller.js": 1623843723236,
  "controller/BaseController.js": 1623843723236,
  "controller/App.controller.js": 1623844694594,
  "Component.js": 1623844711674,
  "manifest-bundle.zip": 1623864181732,
  "Component-preload.js": 1623864182296,
  "Component-dbg.js": 1623844711674,
  "model/formatter-dbg.js": 1623843723244,
  "controller/NotFound-dbg.controller.js": 1623843723240,
  "controller/Master-dbg.controller.js": 1623843723240,
  "i18n/i18n.properties": 1623843723240,
  "controller/ErrorHandler-dbg.js": 1623843723236,
  "controller/DetailObjectNotFound-dbg.js": 1623843723236,
  "controller/DetailObjectNotFound-dbg.controller.js": 1623843723236,
  "controller/Detail-dbg.controller.js": 1623843723236,
  "controller/BaseController-dbg.js": 1623843723236,
  "controller/App-dbg.controller.js": 1623844694594,
  "model/models-dbg.js": 1623843723244,
  "view/ViewSettingsDialogDetail.fragment.xml": 1623843723260,
  "view/ViewSettingsDialog.fragment.xml": 1623843723260,
  "view/NotFound.view.xml": 1623843723260,
  "view/Master.view.xml": 1623843723260,
  "view/DetailObjectNotFound.view.xml": 1623843723260,
  "view/Detail.view.xml": 1623843723260,
  "view/App.view.xml": 1623843723260,
  "test.html": 1623843723260
}