{
	"timezones": [{
		"Name": "Africa/Abidjan (UTC +00:00)"
	}, {
		"Name": "Africa/Accra (UTC +00:00)"
	}, {
		"Name": "Africa/Algiers (UTC +01:00)"
	}, {
		"Name": "Africa/Bissau (UTC +00:00)"
	}, {
		"Name": "Africa/Cairo (UTC +02:00)"
	}, {
		"Name": "Africa/Casablanca (UTC +01:00)"
	}, {
		"Name": "Africa/El_Aaiun (UTC +01:00)"
	}, {
		"Name": "Africa/Johannesburg (UTC +02:00)"
	}, {
		"Name": "Africa/Juba (UTC +03:00)"
	}, {
		"Name": "Africa/Khartoum (UTC +02:00)"
	}, {
		"Name": "Africa/Monrovia (UTC +00:00)"
	}, {
		"Name": "Africa/Nairobi (UTC +03:00)"
	}, {
		"Name": "Africa/Ndjamena (UTC +01:00)"
	}, {
		"Name": "Africa/Sao_Tome (UTC +00:00)"
	}, {
		"Name": "Africa/Tripoli (UTC +02:00)"
	}, {
		"Name": "Africa/Tunis (UTC +01:00)"
	}, {
		"Name": "Africa/Windhoek (UTC +02:00)"
	}, {
		"Name": "America/Asuncion (UTC −04:00)"
	}, {
		"Name": "America/Barbados (UTC −04:00)"
	}, {
		"Name": "America/Belize (UTC −06:00)"
	}, {
		"Name": "America/Bogota (UTC −05:00)"
	}, {
		"Name": "America/Caracas (UTC −04:00)"
	}, {
		"Name": "America/Cayenne (UTC −03:00)"
	}, {
		"Name": "America/Costa_Rica (UTC −06:00)"
	}, {
		"Name": "America/Curacao (UTC −04:00)"
	}, {
		"Name": "America/El_Salvador (UTC −06:00)"
	}, {
		"Name": "America/Grand_Turk (UTC −05:00)"
	}, {
		"Name": "America/Guatemala (UTC −06:00)"
	}, {
		"Name": "America/Guyana (UTC −04:00)"
	}, {
		"Name": "America/Havana (UTC −05:00)"
	}, {
		"Name": "America/Jamaica (UTC −05:00)"
	}, {
		"Name": "America/La_Paz (UTC −04:00)"
	}, {
		"Name": "America/Lima (UTC −05:00)"
	}, {
		"Name": "America/Managua (UTC −06:00)"
	}, {
		"Name": "America/Martinique (UTC −04:00)"
	}, {
		"Name": "America/Miquelon (UTC −03:00)"
	}, {
		"Name": "America/Montevideo (UTC −03:00)"
	}, {
		"Name": "America/Nassau (UTC −05:00)"
	}, {
		"Name": "America/Panama (UTC −05:00)"
	}, {
		"Name": "America/Paramaribo (UTC −03:00)"
	}, {
		"Name": "America/Port_of_Spain (UTC −04:00)"
	}, {
		"Name": "America/Port-au-Prince (UTC −05:00)"
	}, {
		"Name": "America/Puerto_Rico (UTC −04:00)"
	}, {
		"Name": "America/Santo_Domingo (UTC −04:00)"
	}, {
		"Name": "America/Tegucigalpa (UTC −06:00)"
	}, {
		"Name": "Asia/Amman (UTC +02:00)"
	}, {
		"Name": "Asia/Ashgabat (UTC +05:00)"
	}, {
		"Name": "Asia/Baghdad (UTC +03:00)"
	}, {
		"Name": "Asia/Baku (UTC +04:00)"
	}, {
		"Name": "Asia/Beirut (UTC +02:00)"
	}, {
		"Name": "Asia/Bishkek (UTC +06:00)"
	}, {
		"Name": "Asia/Brunei (UTC +08:00)"
	}, {
		"Name": "Asia/Colombo (UTC +05:30)"
	}, {
		"Name": "Asia/Damascus (UTC +02:00)"
	}, {
		"Name": "Asia/Dhaka (UTC +06:00)"
	}, {
		"Name": "Asia/Dili (UTC +09:00)"
	}, {
		"Name": "Asia/Dubai (UTC +04:00)"
	}, {
		"Name": "Asia/Dushanbe (UTC +05:00)"
	}, {
		"Name": "Asia/Hong_Kong (UTC +08:00)"
	}, {
		"Name": "Asia/Jerusalem (UTC +02:00)"
	}, {
		"Name": "Asia/Kabul (UTC +04:30)"
	}, {
		"Name": "Asia/Karachi (UTC +05:00)"
	}, {
		"Name": "Asia/Kathmandu (UTC +05:45)"
	}, {
		"Name": "Asia/Kolkata (UTC +05:30)"
	}, {
		"Name": "Asia/Macau (UTC +08:00)"
	}, {
		"Name": "Asia/Manila (UTC +08:00)"
	}, {
		"Name": "Asia/Pyongyang (UTC +09:00)"
	}, {
		"Name": "Asia/Qatar (UTC +03:00)"
	}, {
		"Name": "Asia/Riyadh (UTC +03:00)"
	}, {
		"Name": "Asia/Seoul (UTC +09:00)"
	}, {
		"Name": "Asia/Singapore (UTC +08:00)"
	}, {
		"Name": "Asia/Taipei (UTC +08:00)"
	}, {
		"Name": "Asia/Tbilisi (UTC +04:00)"
	}, {
		"Name": "Asia/Tehran (UTC +03:30)"
	}, {
		"Name": "Asia/Thimphu (UTC +06:00)"
	}, {
		"Name": "Asia/Tokyo (UTC +09:00)"
	}, {
		"Name": "Asia/Yangon (UTC +06:30)"
	}, {
		"Name": "Asia/Yerevan (UTC +04:00)"
	}, {
		"Name": "Atlantic/Bermuda (UTC −04:00)"
	}, {
		"Name": "Atlantic/Cape_Verde (UTC −01:00)"
	}, {
		"Name": "Atlantic/Faroe (UTC +00:00)"
	}, {
		"Name": "Atlantic/Reykjavik (UTC +00:00)"
	}, {
		"Name": "Atlantic/South_Georgia (UTC −02:00)"
	}, {
		"Name": "Atlantic/Stanley (UTC −03:00)"
	}, {
		"Name": "Etc/GMT (UTC +00:00)"
	}, {
		"Name": "Etc/GMT-1 (UTC +01:00)"
	}, {
		"Name": "Etc/GMT-2 (UTC +02:00)"
	}, {
		"Name": "Etc/GMT-3 (UTC +03:00)"
	}, {
		"Name": "Etc/GMT-4 (UTC +04:00)"
	}, {
		"Name": "Etc/GMT-5 (UTC +05:00)"
	}, {
		"Name": "Etc/GMT-6 (UTC +06:00)"
	}, {
		"Name": "Etc/GMT-7 (UTC +07:00)"
	}, {
		"Name": "Etc/GMT-8 (UTC +08:00)"
	}, {
		"Name": "Etc/GMT-9 (UTC +09:00)"
	}, {
		"Name": "Etc/GMT-10 (UTC +10:00)"
	}, {
		"Name": "Etc/GMT-11 (UTC +11:00)"
	}, {
		"Name": "Etc/GMT-12 (UTC +12:00)"
	}, {
		"Name": "Etc/GMT-13 (UTC +13:00)"
	}, {
		"Name": "Etc/GMT-14 (UTC +14:00)"
	}, {
		"Name": "Etc/GMT+1 (UTC −01:00)"
	}, {
		"Name": "Etc/GMT+2 (UTC −02:00)"
	}, {
		"Name": "Etc/GMT+3 (UTC −03:00)"
	}, {
		"Name": "Etc/GMT+4 (UTC −04:00)"
	}, {
		"Name": "Etc/GMT+5 (UTC −05:00)"
	}, {
		"Name": "Etc/GMT+6 (UTC −06:00)"
	}, {
		"Name": "Etc/GMT+7 (UTC −07:00)"
	}, {
		"Name": "Etc/GMT+8 (UTC −08:00)"
	}, {
		"Name": "Etc/GMT+9 (UTC −09:00)"
	}, {
		"Name": "Etc/GMT+10 (UTC −10:00)"
	}, {
		"Name": "Etc/GMT+11 (UTC −11:00)"
	}, {
		"Name": "Etc/GMT+12 (UTC −12:00)"
	}, {
		"Name": "Etc/UTC (UTC +00:00)"
	}, {
		"Name": "Europe/Amsterdam (UTC +01:00)"
	}, {
		"Name": "Europe/Andorra (UTC +01:00)"
	}, {
		"Name": "Europe/Athens (UTC +02:00)"
	}, {
		"Name": "Europe/Belgrade (UTC +01:00)"
	}, {
		"Name": "Europe/Brussels (UTC +01:00)"
	}, {
		"Name": "Europe/Bucharest (UTC +02:00)"
	}, {
		"Name": "Europe/Budapest (UTC +01:00)"
	}, {
		"Name": "Europe/Chisinau (UTC +02:00)"
	}, {
		"Name": "Europe/Copenhagen (UTC +01:00)"
	}, {
		"Name": "Europe/Dublin (UTC +01:00)"
	}, {
		"Name": "Europe/Gibraltar (UTC +01:00)"
	}, {
		"Name": "Europe/Helsinki (UTC +02:00)"
	}, {
		"Name": "Europe/Istanbul (UTC +03:00)"
	}, {
		"Name": "Europe/London (UTC +00:00)"
	}, {
		"Name": "Europe/Luxembourg (UTC +01:00)"
	}, {
		"Name": "Europe/Malta (UTC +01:00)"
	}, {
		"Name": "Europe/Minsk (UTC +03:00)"
	}, {
		"Name": "Europe/Monaco (UTC +01:00)"
	}, {
		"Name": "Europe/Oslo (UTC +01:00)"
	}, {
		"Name": "Europe/Paris (UTC +01:00)"
	}, {
		"Name": "Europe/Prague (UTC +01:00)"
	}, {
		"Name": "Europe/Riga (UTC +02:00)"
	}, {
		"Name": "Europe/Rome (UTC +01:00)"
	}, {
		"Name": "Europe/Sofia (UTC +02:00)"
	}, {
		"Name": "Europe/Stockholm (UTC +01:00)"
	}, {
		"Name": "Europe/Tallinn (UTC +02:00)"
	}, {
		"Name": "Europe/Tirane (UTC +01:00)"
	}, {
		"Name": "Europe/Vienna (UTC +01:00)"
	}, {
		"Name": "Europe/Vilnius (UTC +02:00)"
	}, {
		"Name": "Europe/Warsaw (UTC +01:00)"
	}, {
		"Name": "Factory (UTC +00:00)"
	}, {
		"Name": "Indian/Chagos (UTC +06:00)"
	}, {
		"Name": "Indian/Christmas (UTC +07:00)"
	}, {
		"Name": "Indian/Cocos (UTC +06:30)"
	}, {
		"Name": "Indian/Mahe (UTC +04:00)"
	}, {
		"Name": "Indian/Maldives (UTC +05:00)"
	}, {
		"Name": "Indian/Mauritius (UTC +04:00)"
	}, {
		"Name": "Pacific/Apia (UTC +13:00)"
	}, {
		"Name": "Pacific/Efate (UTC +11:00)"
	}, {
		"Name": "Pacific/Fakaofo (UTC +13:00)"
	}, {
		"Name": "Pacific/Fiji (UTC +12:00)"
	}, {
		"Name": "Pacific/Funafuti (UTC +12:00)"
	}, {
		"Name": "Pacific/Guadalcanal (UTC +11:00)"
	}, {
		"Name": "Pacific/Guam (UTC +10:00)"
	}, {
		"Name": "Pacific/Nauru (UTC +12:00)"
	}, {
		"Name": "Pacific/Niue (UTC −11:00)"
	}, {
		"Name": "Pacific/Norfolk (UTC +11:00)"
	}, {
		"Name": "Pacific/Noumea (UTC +11:00)"
	}, {
		"Name": "Pacific/Palau (UTC +09:00)"
	}, {
		"Name": "Pacific/Pitcairn (UTC −08:00)"
	}, {
		"Name": "Pacific/Rarotonga (UTC −10:00)"
	}, {
		"Name": "Pacific/Tongatapu (UTC +13:00)"
	}, {
		"Name": "Pacific/Wallis (UTC +12:00)"
	}, {
		"Name": "America/Rio_Branco (UTC −05:00)"
	}, {
		"Name": "America/Maceio (UTC −03:00)"
	}, {
		"Name": "America/Metlakatla (UTC −09:00)"
	}, {
		"Name": "America/Juneau (UTC −09:00)"
	}, {
		"Name": "America/Sitka (UTC −09:00)"
	}, {
		"Name": "America/Yakutat (UTC −09:00)"
	}, {
		"Name": "America/Anchorage (UTC −09:00)"
	}, {
		"Name": "America/Nome (UTC −09:00)"
	}, {
		"Name": "America/Adak (UTC −10:00)"
	}, {
		"Name": "America/Manaus (UTC −04:00)"
	}, {
		"Name": "America/Eirunepe (UTC −05:00)"
	}, {
		"Name": "Asia/Aqtobe (UTC +05:00)"
	}, {
		"Name": "America/Argentina/Cordoba (UTC −03:00)"
	}, {
		"Name": "America/Blanc-Sablon (UTC −04:00)"
	}, {
		"Name": "America/Goose_Bay (UTC −04:00)"
	}, {
		"Name": "America/Moncton (UTC −04:00)"
	}, {
		"Name": "America/Glace_Bay (UTC −04:00)"
	}, {
		"Name": "America/Halifax (UTC −04:00)"
	}, {
		"Name": "America/Noronha (UTC −02:00)"
	}, {
		"Name": "Asia/Atyrau (UTC +05:00)"
	}, {
		"Name": "Atlantic/Azores (UTC −01:00)"
	}, {
		"Name": "America/Bahia (UTC −03:00)"
	}, {
		"Name": "Asia/Hovd (UTC +07:00)"
	}, {
		"Name": "Asia/Shanghai (UTC +08:00)"
	}, {
		"Name": "Asia/Makassar (UTC +08:00)"
	}, {
		"Name": "Asia/Pontianak (UTC +07:00)"
	}, {
		"Name": "Pacific/Bougainville (UTC +11:00)"
	}, {
		"Name": "America/Fortaleza (UTC −03:00)"
	}, {
		"Name": "America/Sao_Paulo (UTC −03:00)"
	}, {
		"Name": "America/Argentina/Buenos_Aires (UTC −03:00)"
	}, {
		"Name": "Atlantic/Canary (UTC +00:00)"
	}, {
		"Name": "Antarctica/Casey (UTC +11:00)"
	}, {
		"Name": "America/Argentina/Catamarca (UTC −03:00)"
	}, {
		"Name": "America/Indiana/Tell_City (UTC −06:00)"
	}, {
		"Name": "America/Indiana/Knox (UTC −06:00)"
	}, {
		"Name": "America/Menominee (UTC −06:00)"
	}, {
		"Name": "America/North_Dakota/Beulah (UTC −06:00)"
	}, {
		"Name": "America/North_Dakota/New_Salem (UTC −06:00)"
	}, {
		"Name": "America/North_Dakota/Center (UTC −06:00)"
	}, {
		"Name": "America/Rankin_Inlet (UTC −06:00)"
	}, {
		"Name": "America/Resolute (UTC −06:00)"
	}, {
		"Name": "America/Rainy_River (UTC −06:00)"
	}, {
		"Name": "America/Winnipeg (UTC −06:00)"
	}, {
		"Name": "America/Chicago (UTC −06:00)"
	}, {
		"Name": "Africa/Maputo (UTC +02:00)"
	}, {
		"Name": "America/Mexico_City (UTC −06:00)"
	}, {
		"Name": "America/Bahia_Banderas (UTC −06:00)"
	}, {
		"Name": "America/Merida (UTC −06:00)"
	}, {
		"Name": "America/Monterrey (UTC −06:00)"
	}, {
		"Name": "America/Matamoros (UTC −06:00)"
	}, {
		"Name": "Africa/Ceuta (UTC +01:00)"
	}, {
		"Name": "Pacific/Chatham (UTC +12:45)"
	}, {
		"Name": "America/Santiago (UTC −04:00)"
	}, {
		"Name": "Pacific/Chuuk (UTC +10:00)"
	}, {
		"Name": "Europe/Simferopol (UTC +03:00)"
	}, {
		"Name": "America/Swift_Current (UTC −06:00)"
	}, {
		"Name": "America/Regina (UTC −06:00)"
	}, {
		"Name": "Asia/Nicosia (UTC +02:00)"
	}, {
		"Name": "Antarctica/Davis (UTC +07:00)"
	}, {
		"Name": "Asia/Choibalsan (UTC +08:00)"
	}, {
		"Name": "Antarctica/DumontDUrville (UTC +10:00)"
	}, {
		"Name": "Pacific/Easter (UTC −06:00)"
	}, {
		"Name": "America/Indiana/Marengo (UTC −05:00)"
	}, {
		"Name": "America/Indiana/Vincennes (UTC −05:00)"
	}, {
		"Name": "America/Indiana/Indianapolis (UTC −05:00)"
	}, {
		"Name": "America/Indiana/Petersburg (UTC −05:00)"
	}, {
		"Name": "America/Indiana/Winamac (UTC −05:00)"
	}, {
		"Name": "America/Indiana/Vevay (UTC −05:00)"
	}, {
		"Name": "America/Kentucky/Louisville (UTC −05:00)"
	}, {
		"Name": "America/Kentucky/Monticello (UTC −05:00)"
	}, {
		"Name": "America/Detroit (UTC −05:00)"
	}, {
		"Name": "America/Iqaluit (UTC −05:00)"
	}, {
		"Name": "America/Pangnirtung (UTC −05:00)"
	}, {
		"Name": "America/Thunder_Bay (UTC −05:00)"
	}, {
		"Name": "America/Toronto (UTC −05:00)"
	}, {
		"Name": "America/Nipigon (UTC −05:00)"
	}, {
		"Name": "America/New_York (UTC −05:00)"
	}, {
		"Name": "America/Cancun (UTC −05:00)"
	}, {
		"Name": "America/Guayaquil (UTC −05:00)"
	}, {
		"Name": "America/Atikokan (UTC −05:00)"
	}, {
		"Name": "Pacific/Galapagos (UTC −06:00)"
	}, {
		"Name": "Pacific/Gambier (UTC −09:00)"
	}, {
		"Name": "Asia/Gaza (UTC +02:00)"
	}, {
		"Name": "Europe/Berlin (UTC +01:00)"
	}, {
		"Name": "Pacific/Tarawa (UTC +12:00)"
	}, {
		"Name": "America/Nuuk (UTC −03:00)"
	}, {
		"Name": "Pacific/Honolulu (UTC −10:00)"
	}, {
		"Name": "Asia/Bangkok (UTC +07:00)"
	}, {
		"Name": "Asia/Jakarta (UTC +07:00)"
	}, {
		"Name": "America/Argentina/Jujuy (UTC −03:00)"
	}, {
		"Name": "Asia/Almaty (UTC +06:00)"
	}, {
		"Name": "Indian/Kerguelen (UTC +05:00)"
	}, {
		"Name": "Pacific/Kosrae (UTC +11:00)"
	}, {
		"Name": "Pacific/Kwajalein (UTC +12:00)"
	}, {
		"Name": "America/Argentina/La_Rioja (UTC −03:00)"
	}, {
		"Name": "Pacific/Kiritimati (UTC +14:00)"
	}, {
		"Name": "Australia/Lord_Howe (UTC +10:30)"
	}, {
		"Name": "Antarctica/Macquarie (UTC +10:00)"
	}, {
		"Name": "Atlantic/Madeira (UTC +00:00)"
	}, {
		"Name": "Asia/Kuala_Lumpur (UTC +08:00)"
	}, {
		"Name": "Asia/Aqtau (UTC +05:00)"
	}, {
		"Name": "Pacific/Marquesas (UTC −09:30)"
	}, {
		"Name": "Pacific/Majuro (UTC +12:00)"
	}, {
		"Name": "America/Cuiaba (UTC −04:00)"
	}, {
		"Name": "America/Campo_Grande (UTC −04:00)"
	}, {
		"Name": "Antarctica/Mawson (UTC +05:00)"
	}, {
		"Name": "America/Argentina/Mendoza (UTC −03:00)"
	}, {
		"Name": "Asia/Ulaanbaatar (UTC +08:00)"
	}, {
		"Name": "America/Edmonton (UTC −07:00)"
	}, {
		"Name": "America/Boise (UTC −07:00)"
	}, {
		"Name": "America/Yellowknife (UTC −07:00)"
	}, {
		"Name": "America/Inuvik (UTC −07:00)"
	}, {
		"Name": "America/Cambridge_Bay (UTC −07:00)"
	}, {
		"Name": "America/Denver (UTC −07:00)"
	}, {
		"Name": "America/Hermosillo (UTC −07:00)"
	}, {
		"Name": "America/Mazatlan (UTC −07:00)"
	}, {
		"Name": "America/Chihuahua (UTC −07:00)"
	}, {
		"Name": "America/Ojinaga (UTC −07:00)"
	}, {
		"Name": "Europe/Kaliningrad (UTC +02:00)"
	}, {
		"Name": "Europe/Kirov (UTC +03:00)"
	}, {
		"Name": "Europe/Moscow (UTC +03:00)"
	}, {
		"Name": "Europe/Astrakhan (UTC +04:00)"
	}, {
		"Name": "Europe/Samara (UTC +04:00)"
	}, {
		"Name": "Europe/Saratov (UTC +04:00)"
	}, {
		"Name": "Europe/Ulyanovsk (UTC +04:00)"
	}, {
		"Name": "Europe/Volgograd (UTC +04:00)"
	}, {
		"Name": "Asia/Yekaterinburg (UTC +05:00)"
	}, {
		"Name": "Asia/Omsk (UTC +06:00)"
	}, {
		"Name": "Asia/Barnaul (UTC +07:00)"
	}, {
		"Name": "Asia/Novokuznetsk (UTC +07:00)"
	}, {
		"Name": "Asia/Krasnoyarsk (UTC +07:00)"
	}, {
		"Name": "Asia/Novosibirsk (UTC +07:00)"
	}, {
		"Name": "Asia/Tomsk (UTC +07:00)"
	}, {
		"Name": "Asia/Irkutsk (UTC +08:00)"
	}, {
		"Name": "Asia/Yakutsk (UTC +09:00)"
	}, {
		"Name": "Asia/Khandyga (UTC +09:00)"
	}, {
		"Name": "Asia/Chita (UTC +09:00)"
	}, {
		"Name": "Asia/Vladivostok (UTC +10:00)"
	}, {
		"Name": "Asia/Ust-Nera (UTC +10:00)"
	}, {
		"Name": "Asia/Magadan (UTC +11:00)"
	}, {
		"Name": "Asia/Srednekolymsk (UTC +11:00)"
	}, {
		"Name": "Asia/Sakhalin (UTC +11:00)"
	}, {
		"Name": "Asia/Anadyr (UTC +12:00)"
	}, {
		"Name": "Asia/Kamchatka (UTC +12:00)"
	}, {
		"Name": "America/Phoenix (UTC −07:00)"
	}, {
		"Name": "America/Creston (UTC −07:00)"
	}, {
		"Name": "America/Dawson_Creek (UTC −07:00)"
	}, {
		"Name": "America/Fort_Nelson (UTC −07:00)"
	}, {
		"Name": "America/Whitehorse (UTC −07:00)"
	}, {
		"Name": "America/Dawson (UTC −07:00)"
	}, {
		"Name": "America/Danmarkshavn (UTC +00:00)"
	}, {
		"Name": "Asia/Jayapura (UTC +09:00)"
	}, {
		"Name": "Australia/Sydney (UTC +10:00)"
	}, {
		"Name": "Australia/Broken_Hill (UTC +09:30)"
	}, {
		"Name": "Pacific/Auckland (UTC +12:00)"
	}, {
		"Name": "America/St_Johns (UTC −03:30)"
	}, {
		"Name": "Asia/Famagusta (UTC +02:00)"
	}, {
		"Name": "Australia/Darwin (UTC +09:30)"
	}, {
		"Name": "America/Los_Angeles (UTC −08:00)"
	}, {
		"Name": "America/Vancouver (UTC −08:00)"
	}, {
		"Name": "America/Tijuana (UTC −08:00)"
	}, {
		"Name": "Antarctica/Palmer (UTC −03:00)"
	}, {
		"Name": "Pacific/Port_Moresby (UTC +10:00)"
	}, {
		"Name": "America/Belem (UTC −03:00)"
	}, {
		"Name": "America/Santarem (UTC −03:00)"
	}, {
		"Name": "America/Recife (UTC −03:00)"
	}, {
		"Name": "Pacific/Enderbury (UTC +13:00)"
	}, {
		"Name": "Pacific/Pohnpei (UTC +11:00)"
	}, {
		"Name": "Europe/Lisbon (UTC +00:00)"
	}, {
		"Name": "Asia/Qostanay (UTC +06:00)"
	}, {
		"Name": "Australia/Brisbane (UTC +10:00)"
	}, {
		"Name": "Australia/Lindeman (UTC +10:00)"
	}, {
		"Name": "Asia/Qyzylorda (UTC +05:00)"
	}, {
		"Name": "America/Punta_Arenas (UTC −03:00)"
	}, {
		"Name": "Indian/Reunion (UTC +04:00)"
	}, {
		"Name": "America/Porto_Velho (UTC −04:00)"
	}, {
		"Name": "America/Boa_Vista (UTC −04:00)"
	}, {
		"Name": "Antarctica/Rothera (UTC −03:00)"
	}, {
		"Name": "Asia/Kuching (UTC +08:00)"
	}, {
		"Name": "America/Argentina/Salta (UTC −03:00)"
	}, {
		"Name": "Pacific/Pago_Pago (UTC −11:00)"
	}, {
		"Name": "America/Argentina/San_Juan (UTC −03:00)"
	}, {
		"Name": "America/Argentina/San_Luis (UTC −03:00)"
	}, {
		"Name": "America/Argentina/Rio_Gallegos (UTC −03:00)"
	}, {
		"Name": "America/Scoresbysund (UTC −01:00)"
	}, {
		"Name": "Pacific/Tahiti (UTC −10:00)"
	}, {
		"Name": "Australia/Adelaide (UTC +09:30)"
	}, {
		"Name": "Europe/Madrid (UTC +01:00)"
	}, {
		"Name": "Europe/Zurich (UTC +01:00)"
	}, {
		"Name": "Antarctica/Syowa (UTC +03:00)"
	}, {
		"Name": "Australia/Currie (UTC +10:00)"
	}, {
		"Name": "Australia/Hobart (UTC +10:00)"
	}, {
		"Name": "America/Thule (UTC −04:00)"
	}, {
		"Name": "America/Argentina/Ushuaia (UTC −03:00)"
	}, {
		"Name": "America/Araguaina (UTC −03:00)"
	}, {
		"Name": "Europe/Uzhgorod (UTC +02:00)"
	}, {
		"Name": "Antarctica/Troll (UTC +00:00)"
	}, {
		"Name": "America/Argentina/Tucuman (UTC −03:00)"
	}, {
		"Name": "Europe/Kiev (UTC +02:00)"
	}, {
		"Name": "Asia/Tashkent (UTC +05:00)"
	}, {
		"Name": "Asia/Samarkand (UTC +05:00)"
	}, {
		"Name": "Australia/Melbourne (UTC +10:00)"
	}, {
		"Name": "Asia/Ho_Chi_Minh (UTC +07:00)"
	}, {
		"Name": "Antarctica/Vostok (UTC +06:00)"
	}, {
		"Name": "Pacific/Wake (UTC +12:00)"
	}, {
		"Name": "Africa/Lagos (UTC +01:00)"
	}, {
		"Name": "Asia/Hebron (UTC +02:00)"
	}, {
		"Name": "Asia/Oral (UTC +05:00)"
	}, {
		"Name": "Australia/Eucla (UTC +08:45)"
	}, {
		"Name": "Australia/Perth (UTC +08:00)"
	}, {
		"Name": "Asia/Urumqi (UTC +06:00)"
	}, {
		"Name": "Europe/Zaporozhye (UTC +02:00)"
	}]
}