{
  "Component-dbg.js": 1623859075253,
  "manifest.json": 1631526315698,
  "model/mock_al01.json": 1623859075273,
  "model/models.js": 1623859075277,
  "controller/json2xml.js": 1631006247321,
  "controller/Configuration.controller.js": 1631119553769,
  "Component.js": 1623859075253,
  "manifest-bundle.zip": 1631526315711,
  "Component-preload.js": 1631526316314,
  "model/models-dbg.js": 1623859075277,
  "controller/json2xml-dbg.js": 1631006247321,
  "controller/Configuration-dbg.controller.js": 1631119553769,
  "i18n/i18n.properties": 1631006247321,
  "view/Configuration.view.xml": 1631006247321,
  "resources/logo.png": 1623859075277,
  "css/style.css": 1623859075269,
  "index.html": 1623859075273
}