{
  "manifest-bundle.zip": 1631722100311,
  "manifest.json": 1631722100300,
  "model/mock_al01.json": 1631721035385,
  "model/models.js": 1631721035385,
  "controller/json2xml.js": 1631721035385,
  "controller/Configuration.controller.js": 1631721035385,
  "Component.js": 1631721035381,
  "i18n/i18n.properties": 1631721035385,
  "Component-preload.js": 1631722100647,
  "Component-dbg.js": 1631721035381,
  "controller/json2xml-dbg.js": 1631721035385,
  "controller/Configuration-dbg.controller.js": 1631721035385,
  "model/models-dbg.js": 1631721035385,
  "view/Configuration.view.xml": 1631721035393,
  "resources/logo.png": 1631721035385,
  "css/style.css": 1631721035385,
  "index.html": 1631721035385
}