{
  "model/models.js": 1637877545475,
  "i18n/i18n.properties": 1637877545475,
  "manifest.json": 1638029653061,
  "model/mock_al01.json": 1637877545475,
  "controller/json2xml.js": 1637877545471,
  "controller/Configuration.controller.js": 1637877545471,
  "Component.js": 1637877545471,
  "manifest-bundle.zip": 1638029653080,
  "Component-preload.js": 1638029653606,
  "model/models-dbg.js": 1637877545475,
  "controller/json2xml-dbg.js": 1637877545471,
  "controller/Configuration-dbg.controller.js": 1637877545471,
  "Component-dbg.js": 1637877545471,
  "view/Configuration.view.xml": 1637877545479,
  "resources/logo.png": 1637877545475,
  "css/style.css": 1637877545471,
  "index.html": 1637877545475
}