{
  "model/models.js": 1623859075277,
  "controller/Configuration.controller.js": 1623859075257,
  "manifest.json": 1628771683515,
  "i18n/i18n.properties": 1623859075273,
  "controller/json2xml.js": 1623859075269,
  "model/mock_al01.json": 1623859075273,
  "Component.js": 1623859075253,
  "manifest-bundle.zip": 1628771683529,
  "Component-preload.js": 1628771684039,
  "Component-dbg.js": 1623859075253,
  "controller/json2xml-dbg.js": 1623859075269,
  "controller/Configuration-dbg.controller.js": 1623859075257,
  "model/models-dbg.js": 1623859075277,
  "view/Configuration.view.xml": 1623859075301,
  "resources/logo.png": 1623859075277,
  "css/style.css": 1623859075269,
  "index.html": 1623859075273
}